rpg_box01, 9.633601586022685, 4.202162393850566, 1.682207493053588, 0.7531641957731076, 0.18587176981994383, 0.4308320290865386, 0.46106305653633295, 2.365590027082325, 2.365590027082325, 2.365590027082325
rpg_box01, 28.2133004664246, 5.733935551472236, 8.190159927500567, 0.29470306305647703, 0.8686170480300724, -0.37942081264536476, -0.12122035896739483, 1.365586571672734, 1.365586571672734, 1.365586571672734
rpg_box01, 5.7767080371773085, 1.3087888953335547, 2.9013837770344586, 0.7382470007859423, -0.5823214497505698, -0.21368907786077068, -0.2650095715138773, 2.363099289480855, 2.363099289480855, 2.363099289480855
rpg_box01, 20.080896738630845, -8.02085971787938, 0.32722165707446127, 0.583285776027536, 0.6064031704711431, 0.006003208382464098, 0.5403858434633697, 1.8625428106669415, 1.8625428106669415, 1.8625428106669415
rpg_box01, 15.587373046199433, 7.269285601514788, 1.398129528248333, 0.704669799830291, 0.031936653924685365, 0.6688461082362189, -0.23466019440990984, 0.9357436897448266, 0.9357436897448266, 0.9357436897448266
rpg_box01, 4.514174108268495, 8.76414790116415, 0.17496787862836483, -0.2840970479616496, 0.6099181270430469, 0.3726588588872389, 0.6390728601158391, 0.35514215917533454, 0.35514215917533454, 0.35514215917533454
rpg_box01, 0.6560009432161695, 4.003031727395845, 8.75201931488114, 0.4654039483163064, 0.4643939591400699, 0.7043743795918442, -0.2675708298383969, 1.9305626897273502, 1.9305626897273502, 1.9305626897273502
rpg_box01, 19.937702718141363, 6.523423447363239, 2.546137501019409, 0.7291871536365763, 0.3325709522217188, 0.4202431407486239, 0.4255330296974134, 0.6603061059970948, 0.6603061059970948, 0.6603061059970948
rpg_box01, 7.707565699085485, -5.716807274283315, 0.8343527508013993, 0.21478991816288034, 0.750746819051475, 0.6123300092541982, 0.12367887655710846, 1.3050493671699521, 1.3050493671699521, 1.3050493671699521
rpg_box01, 14.506163458243762, -7.286972444798206, 4.926939801977576, 0.17777302924462765, 0.6582603073956416, 0.13322819707421302, -0.719263766142115, 1.0209337432475258, 1.0209337432475258, 1.0209337432475258
rpg_box01, 21.335140835475485, -3.9411352475522747, 5.4816985625230785, 0.1115731015468158, -0.37151285756457747, 0.34775536642093513, -0.8535782593300201, 0.8266749545753712, 0.8266749545753712, 0.8266749545753712
rpg_box01, 4.163991837412002, -7.759760220673995, 4.261550251747474, 0.2885694274944949, 0.6165456849433136, 0.21572443957646376, -0.700044334355118, 1.8730638390945604, 1.8730638390945604, 1.8730638390945604
rpg_box01, 7.448129209113334, 6.932553629213558, 1.4448199750766377, 0.503898028843582, 0.01027810894288253, -0.7801954045023926, -0.3705081210951508, 2.460915084290458, 2.460915084290458, 2.460915084290458
rpg_box01, 28.34419248292537, -3.1638514191755736, 3.4887334085807034, 0.03283365529810233, -0.49988538445846725, 0.8653628428148277, -0.01355373601689472, 2.869714177313134, 2.869714177313134, 2.869714177313134
rpg_box01, 11.051898364572228, 4.772926477004519, 4.100354022108512, 0.46711026164182606, -0.5259616685106021, -0.157365881232267, 0.6931149299722523, 1.9465576141465315, 1.9465576141465315, 1.9465576141465315
rpg_box01, 16.695178108520327, 0.25230740412351693, 2.720236388277395, 0.32886169592572295, -0.6401441476399216, -0.3066372649771974, -0.6229277991248423, 0.7233825312227028, 0.7233825312227028, 0.7233825312227028
rpg_box01, 3.373321946503085, -5.732964059919407, 5.069420860861471, 0.5453981403540791, 0.4772796910982303, 0.5737170747923132, -0.3815674030302394, 0.1462387417226476, 0.1462387417226476, 0.1462387417226476
rpg_box01, 23.890203206473416, 3.0464618830235786, 1.8818156550280762, 0.6693266842196417, -0.0411034034607895, -0.7190852379811007, 0.1822874667472874, 1.4406148097225913, 1.4406148097225913, 1.4406148097225913
rpg_box01, 19.509692073580435, -3.202891671974559, 8.704356030151354, 0.09832997084258782, -0.6909966279674173, -0.0904474182502073, -0.7104042099422179, 2.5219668040601864, 2.5219668040601864, 2.5219668040601864
rpg_box01, 23.323391958884304, -6.922702470111009, 6.87593062987403, 0.20206115758361637, -0.4295248629737615, 0.06385775467997801, 0.8778393177857622, 1.8024671973396127, 1.8024671973396127, 1.8024671973396127
rpg_box01, 12.125211806712226, -1.8660146913141435, 3.861325012553066, 0.5811379377869658, 0.3702390494669017, -0.3487008315242154, 0.6353026629952675, 2.6111892042598956, 2.6111892042598956, 2.6111892042598956
rpg_box01, 11.642716163351208, -5.60024294781162, 9.731660663278788, 0.487756495716432, -0.28405759343869463, 0.8140060055618289, 0.13710983701222668, 1.4179155104047334, 1.4179155104047334, 1.4179155104047334
rpg_box01, 20.273113649880827, -6.989719130888119, 0.21011963921132137, -0.02250876621007145, 0.21908659606333802, -0.1693440091019491, -0.9606336582955852, 2.7695521828668674, 2.7695521828668674, 2.7695521828668674
rpg_box01, 26.148140263825372, -8.40236251347951, 6.8445333768105705, 0.7432665368585395, 0.0017193910963154146, -0.6684392564588268, 0.027218730781247424, 0.12109580443827794, 0.12109580443827794, 0.12109580443827794
rpg_box01, 28.388723006581856, -6.475013600773966, 3.864309083409628, 0.5591378958665649, 0.4013481920507151, 0.33261422268426066, 0.6447109592768513, 1.9593785221554838, 1.9593785221554838, 1.9593785221554838
rpg_box01, 9.46969479213083, -6.860407794177443, 2.4279818460235383, 0.9500833479381084, -0.266539563817911, 0.06126112620016172, -0.15015114820460326, 0.6414444283323677, 0.6414444283323677, 0.6414444283323677
rpg_box01, 23.178547279353218, -0.07149061247499766, 8.818060159854454, 0.2507718779474405, 0.7504478399516685, 0.043842090615491436, -0.6099339110371318, 1.0983261071845936, 1.0983261071845936, 1.0983261071845936
rpg_box01, 4.233368909550351, -2.706276955724885, 4.1467909095715765, 0.4567001045941601, 0.10550114112070791, -0.5642116137421506, 0.679676230719002, 1.3470523104404315, 1.3470523104404315, 1.3470523104404315
rpg_box01, 29.928228612344004, -6.183749196410632, 8.383777999513283, 0.15974950679248273, -0.8377750196240024, 0.40356488917535777, 0.33128309917416887, 2.8536149716569015, 2.8536149716569015, 2.8536149716569015
rpg_box01, 1000.0, 1000.0, 1000.0, 0.5174418978508828, 0.18925888764970336, 0.6368234658629807, -0.539342960573636, 2.310447144488379, 2.310447144488379, 2.310447144488379
rpg_box01, 23.168865577073067, 7.926190998304136, 3.9646200606561033, -0.1066145174566537, -0.6675391510324111, -0.4477495982391867, 0.5852735461158821, 2.763365495770669, 2.763365495770669, 2.763365495770669
rpg_box01, 9.41725964913113, 9.944015601469836, 1.020374852032353, -0.40012758440941876, -0.5421173561251449, -0.5098149960950722, 0.5348788256597448, 1.7937140892796275, 1.7937140892796275, 1.7937140892796275
rpg_box01, 13.512021050686005, 6.9303805195376285, 9.780227373208557, 0.8097599233426966, 0.352997724500756, -0.4423882191664146, 0.1548358375444348, 0.6963451780988484, 0.6963451780988484, 0.6963451780988484
rpg_box01, 21.506849470560667, -3.805987384388649, 7.068527851483388, 0.4750235551462893, -0.7584815971984887, 0.4160702420082514, -0.16107092376529264, 1.3473808617780874, 1.3473808617780874, 1.3473808617780874
rpg_box01, 1.4713370123248848, -1.7219299204206386, 8.346039291548715, 0.7515860697834501, 0.43022581527145354, -0.06556196641288903, 0.49570732911825605, 0.4953599071424176, 0.4953599071424176, 0.4953599071424176
rpg_box01, 8.524816690873525, 9.248525737323234, 7.651075812750432, -0.47487663490443177, -0.2388825654598765, 0.8041940217703465, -0.2658933562351392, 1.4149649443907644, 1.4149649443907644, 1.4149649443907644
rpg_box01, 0.48816532562020676, -6.082028026118309, 7.140817994510846, 0.4364172249249835, 0.2632792083622581, -0.6814011190560534, 0.5252776210558348, 0.30418736571784377, 0.30418736571784377, 0.30418736571784377
rpg_box01, 13.939810819886542, -2.0564067436193305, 0.9105709609001023, 0.25845080345931526, 0.6692166237899271, -0.13249534446340144, -0.6839570719935353, 1.4645534381938516, 1.4645534381938516, 1.4645534381938516
rpg_box01, 27.59564346939659, 3.9399677663659993, 1.8921331651964535, -0.17312807223464152, -0.5136535762474184, -0.7062534124075494, 0.45540398732910353, 0.6502070434568624, 0.6502070434568624, 0.6502070434568624
rpg_box01, 23.541959984828928, 4.03214579055404, 2.30962107805075, -0.010503892576630036, 0.6871884558769421, 0.07685888247189021, 0.7223256928390234, 0.70386528410102, 0.70386528410102, 0.70386528410102
rpg_box01, 8.131568192207308, 1.1002708897353557, 4.833878009567055, -0.2104934310788985, -0.33082692304245065, 0.9003492875891626, -0.18872525745269136, 2.369304160915006, 2.369304160915006, 2.369304160915006
rpg_box01, 8.277233709686728, 6.499584739444423, 1.5325999754462138, 0.8459687487887663, -0.3580234620590427, 0.24259671518050935, 0.3119341444466336, 0.524468737224659, 0.524468737224659, 0.524468737224659
rpg_box01, 12.392362297556685, -2.908842751772709, 7.898551123594826, 0.10658449770762318, -0.7206304189024033, 0.21501754755175279, -0.650460604837672, 0.7667639482919455, 0.7667639482919455, 0.7667639482919455
rpg_box01, 8.065609815283967, -0.9773781654679183, 4.816461793994739, 0.0622359795219766, 0.05365390420124935, 0.9763077166284814, 0.20017788056771893, 0.24361477871142867, 0.24361477871142867, 0.24361477871142867
rpg_box01, 14.419586318633762, 4.456871269635448, 9.357268001457744, 0.5308483339574295, -0.1890950057766379, -0.27969844798580606, 0.7773106864821081, 2.02762963953732, 2.02762963953732, 2.02762963953732
rpg_box01, 15.435939821203107, 5.933765281743957, 5.320814994343256, 0.7081635007316118, 0.6620598372997044, -0.23573934026515275, 0.0678836616395117, 1.903864974979079, 1.903864974979079, 1.903864974979079
rpg_box01, 18.43035145452963, 9.85694773684996, 9.148413456645088, 0.1568512052701521, -0.9711876827681413, -0.1376583078284182, -0.11507551664261664, 0.143670945975136, 0.143670945975136, 0.143670945975136
rpg_box01, 15.2089177129192, 8.572190758147133, 4.718265920990946, 0.5840981475997553, 0.4675994040381716, 0.6198486830369643, 0.2365750651506247, 2.5772096044178925, 2.5772096044178925, 2.5772096044178925
rpg_box01, 9.448419405390393, -7.215765517602259, 1.8410711637671218, 0.5834241745379911, 0.1615130310217469, 0.6873717946163612, -0.4013100912520328, 2.660057436727845, 2.660057436727845, 2.660057436727845
rpg_box01, 23.636366924469666, 3.991750303741771, 0.06514538267116676, 0.4595766981835123, 0.03844083513450486, -0.7745180038517986, -0.43293581786487473, 2.4590302894454097, 2.4590302894454097, 2.4590302894454097
rpg_box01, 2.0087291341967353, 9.158821790629151, 0.27845021893694644, 0.16153165125518687, -0.9384050015261722, -0.2548864245201303, 0.16833445680781323, 2.620873448419681, 2.620873448419681, 2.620873448419681
rpg_box01, 26.994763748663495, 2.5699273508619065, 0.6427730038007107, -0.6020177817692446, 0.30745574903560924, -0.6638526984027481, -0.3199142817099305, 0.4902658538269137, 0.4902658538269137, 0.4902658538269137
rpg_box01, 2.5121296482597275, 5.070775211753668, 6.238804801421336, 0.05652573912112929, 0.42518688563105295, 0.0927420845190857, 0.898565444952804, 1.2590955502130783, 1.2590955502130783, 1.2590955502130783
rpg_box01, 29.39818140072799, 4.03728417766472, 3.221608991283209, 0.11754562014215976, 0.2149470568641846, -0.8015930970138901, -0.5453707883179113, 1.8064453119854709, 1.8064453119854709, 1.8064453119854709
rpg_box01, 26.019233133170285, -5.172095194044823, 0.26091054669935665, -0.3665675031283928, -0.4192301671946897, 0.7230880320512001, -0.40867839491273683, 1.9235124084907438, 1.9235124084907438, 1.9235124084907438
rpg_box01, 6.525147308426788, 4.807926461242083, 8.78717224759609, 0.2992106103914486, -0.8358121632979294, -0.24991375910464586, 0.38656713688904953, 1.7420379967507211, 1.7420379967507211, 1.7420379967507211
rpg_box01, 18.148002189605638, -9.576610838408556, 6.434120118746183, 0.7973836103079087, -0.33426756832300436, -0.4564720160259549, -0.20994730139954462, 0.2507033013861695, 0.2507033013861695, 0.2507033013861695
rpg_box01, 25.65500945480113, -8.787854928333434, 6.580266853020047, 0.7500236799631971, 0.6575817004033965, 0.06517732889602662, 0.028332006406545034, 0.4035458161163954, 0.4035458161163954, 0.4035458161163954
rpg_box01, 14.739920936851673, -3.9206008343461, 6.2464930023081955, 0.051517698368298004, 0.6863856674714466, 0.3651117017296239, 0.6268285949960386, 1.9479830639288507, 1.9479830639288507, 1.9479830639288507
rpg_box01, 6.400931463538785, -8.39859781393467, 7.119010364983125, -0.14962604036026242, -0.4890045211908613, 0.706682406656993, -0.4889648273879075, 0.8507774864461501, 0.8507774864461501, 0.8507774864461501
rpg_box01, 11.572031412908956, 6.1875607366645475, 6.087761608106716, 0.32305444801128347, 0.5926188155776383, -0.7102347771779355, 0.2000133103833099, 2.414912731841041, 2.414912731841041, 2.414912731841041
rpg_box01, 12.271123496669638, 3.1477819646453824, 8.214320339233028, 0.19147332812844453, 0.45394924669955816, 0.43185724247944635, 0.7554914745742466, 0.8153564976958273, 0.8153564976958273, 0.8153564976958273
rpg_box01, 5.358737530743587, -1.3495408599270107, 7.123631541853685, 0.9684618700175804, 0.03407191167582753, -0.02623318424788297, 0.24542316761264055, 2.4898289211650253, 2.4898289211650253, 2.4898289211650253
rpg_box01, 2.8434494247692896, -7.731947001899986, 8.93861977874485, -0.06253019775232552, 0.5909909057381421, -0.2560274596251594, -0.7624104299009511, 0.7852367493247172, 0.7852367493247172, 0.7852367493247172
rpg_box01, 2.614010976594492, -8.461978275061078, 8.560414911824127, 0.05853711084526327, -0.9197901121436045, 0.08054147997713061, -0.3795690006571115, 0.26714557507785897, 0.26714557507785897, 0.26714557507785897
rpg_box01, 18.98575823652905, 9.44831449546404, 3.993611227479673, 0.21013687873879203, 0.07130989307242394, -0.5572338613185522, -0.8001548694746123, 1.3246846612047736, 1.3246846612047736, 1.3246846612047736
rpg_box01, 16.483827356216604, -7.495995404870921, 3.519046606683057, 0.34762580624569894, 0.781215658382965, -0.46803833762615704, -0.2231557941023305, 1.2659934902846843, 1.2659934902846843, 1.2659934902846843
rpg_box01, 13.495277527711028, 6.984269117274209, 7.477958221086103, -0.02454646251349102, 0.5946038991418441, 0.7179222948343538, 0.36115267254052674, 2.1657402211459718, 2.1657402211459718, 2.1657402211459718
rpg_box01, 16.14416790936677, 0.7647064551691329, 6.620320982946365, 0.16096009474297648, -0.7737937944424118, 0.353247500201144, -0.5005509116807094, 0.6012785880490673, 0.6012785880490673, 0.6012785880490673
rpg_box01, 9.493788073140706, -8.515294958042599, 2.7887015684569927, -0.36305354656175887, 0.5594114256961714, 0.674417593763354, 0.3168783494528353, 0.1837964835144924, 0.1837964835144924, 0.1837964835144924
rpg_box01, 27.6226444018095, -9.614638667716253, 2.510181969279502, 0.6321063669563568, 0.09175249065854298, -0.7680846951498559, 0.045485408514627054, 2.918549411015831, 2.918549411015831, 2.918549411015831
rpg_box01, 16.033361161709976, -2.903229157981153, 9.437418203259645, 0.04646104443033222, -0.20015619063307252, 0.9131057642712419, -0.35216009705293294, 1.7731748606718305, 1.7731748606718305, 1.7731748606718305
rpg_box01, 23.965613608886947, -7.689033932847202, 4.551618094889978, 0.5543951221708934, -0.47637116513442157, 0.5499702680481106, 0.4040411684527746, 0.16292945824797297, 0.16292945824797297, 0.16292945824797297
rpg_box01, 28.56058911054852, -2.4591899274281843, 1.0894675982597724, 0.5862730949693281, -0.4323631665880472, 0.5172566485921641, 0.4492120988800768, 0.6344440905924073, 0.6344440905924073, 0.6344440905924073
rpg_box01, 7.897417181132928, -6.168241545923038, 2.7829965212812233, 0.5799843003702435, 0.668326904265443, 0.3246132659811291, -0.33404129671056154, 2.929175974610042, 2.929175974610042, 2.929175974610042
rpg_box01, 7.326842927120706, 5.782282080927102, 2.891025681374113, 0.5841988721409602, 0.5698756603943107, 0.29941492274850556, 0.4942712954591687, 0.4162269474031651, 0.4162269474031651, 0.4162269474031651
rpg_box01, 20.457709090984554, -8.496446874461775, 4.579889539681069, 0.16893529050456207, -0.23416610527578888, -0.15675171992792727, 0.9444871629946826, 0.9627557502984301, 0.9627557502984301, 0.9627557502984301
rpg_box01, 3.6234684551793084, -2.8333844889216886, 5.356149725568766, 0.8035571660103507, 0.09788037044265444, -0.4851966230753025, -0.33060482602609614, 0.4347871062724491, 0.4347871062724491, 0.4347871062724491
rpg_box01, 17.960919995576653, 4.657016668564985, 3.418142262345633, 0.7286027086363119, -0.25846857660912553, 0.6002502012114262, 0.2050165452326338, 1.6356084172978707, 1.6356084172978707, 1.6356084172978707
rpg_box01, 14.470525196322942, 6.153588635134511, 5.339545953178585, 0.5646120979958403, -0.0971218466651863, -0.7869320614845676, -0.2291690561675562, 2.4598943821697503, 2.4598943821697503, 2.4598943821697503
rpg_box01, 12.795644768753984, -7.423289512855382, 2.9572831117340073, 0.737932840007028, -0.36478779987740684, 0.4900439790266584, 0.286778456860837, 1.045205881860936, 1.045205881860936, 1.045205881860936
rpg_box01, 1.622225772094934, -6.571499321841047, 1.3778909241321236, 0.4916384687023957, 0.5741023573166092, 0.654447458446964, -0.01991540980711476, 1.9254160084640877, 1.9254160084640877, 1.9254160084640877
rpg_box01, 12.965483951172875, 2.1845292068671185, 8.302110332222568, 0.9194092815382486, -0.22720203674426964, -0.1641167734156908, -0.2759193581541532, 0.42833007169891313, 0.42833007169891313, 0.42833007169891313
rpg_box01, 3.649066161879846, -6.752329592131221, 8.324902504784685, 0.4617803337996456, -0.7872471249106325, 0.38791268166172616, -0.12854819734962747, 1.6905777968010978, 1.6905777968010978, 1.6905777968010978
rpg_box01, 24.80920985610051, 9.059498942949183, 2.586644302912223, 0.1541536766304914, 0.9385402119020708, -0.2068892113592149, 0.2292940663150272, 2.7905810479956945, 2.7905810479956945, 2.7905810479956945
rpg_box01, 26.817727314505873, 5.025062058680497, 0.3323645881572834, 0.6899036244722844, -0.19789152842289043, -0.6678149480790533, -0.19721847540387516, 0.21651090719567684, 0.21651090719567684, 0.21651090719567684
rpg_box01, 21.869760665452578, -5.366395750715109, 6.569252867639036, 0.036838796069729604, 0.8689188316750667, 0.457908221001132, 0.18423633790365193, 1.401950017842796, 1.401950017842796, 1.401950017842796
rpg_box01, 23.921732238080185, -0.944726677634284, 1.9949427716476675, -0.5815897650104208, 0.18923884935436716, -0.7562405956437314, -0.2324697069094668, 2.2460405255182856, 2.2460405255182856, 2.2460405255182856
rpg_box01, 13.32871291995676, 4.677058351136429, 5.476500535256605, 0.8088028649225071, 0.16515795114600995, -0.4869981421821834, -0.28529561226471567, 0.24206775646844958, 0.24206775646844958, 0.24206775646844958
rpg_box01, 17.521020219800736, -4.554957525630499, 8.379922434195775, 0.28650625627703874, 0.6475445471452645, 0.2271962715791977, -0.668567183428159, 1.4273171429217837, 1.4273171429217837, 1.4273171429217837
rpg_box01, 9.866943611641544, 9.37940995410418, 6.359277842570008, 0.6373768530390408, -0.23921114359294446, -0.6704935880598235, -0.2949018893830083, 2.843047569176723, 2.843047569176723, 2.843047569176723
rpg_box01, 8.566247192996943, 1.580858930082913, 6.022350860380773, 0.9017044636575948, 0.31087372213274295, -0.15969276954976444, 0.2545286004770962, 1.117336081199597, 1.117336081199597, 1.117336081199597
rpg_box01, 15.780760357398607, 1.989261668432718, 0.24431871176472608, 0.8659487607304411, 0.022224584721062455, 0.06961465148926846, -0.49476520888338255, 0.11243538264559139, 0.11243538264559139, 0.11243538264559139
rpg_box01, 13.907164536641949, 3.55118253066734, 4.665770333625122, 0.776625967700311, -0.2398594418485186, 0.14034773234778664, 0.5653512788298145, 1.248268947086426, 1.248268947086426, 1.248268947086426
rpg_box01, 24.651162450087554, 0.6146739322956911, 3.2884818241490676, 0.13578240375827985, 0.2289431825563421, -0.07437382178209793, -0.9610497867561917, 2.8348745391939865, 2.8348745391939865, 2.8348745391939865
rpg_box01, 13.475665056654096, -7.35567536615415, 0.985757663826291, 0.6807761961711423, -0.19203265633612554, -0.6761381430791755, -0.20616605225081705, 0.421636473119542, 0.421636473119542, 0.421636473119542
rpg_box01, 18.297744588904347, 5.123062247928408, 8.485654496660137, 0.3773060936715338, -0.0940736752479514, 0.8992001593390394, -0.2005725024730874, 2.507864358615915, 2.507864358615915, 2.507864358615915
rpg_box01, 2.3412598462464684, -3.097342342944862, 6.5687830546765476, 0.2481189825751326, -0.9615691151118515, -0.07516238412327503, 0.09040145663537283, 0.3135490648354916, 0.3135490648354916, 0.3135490648354916
rpg_box01, 3.7719339975958324, 5.743423069829612, 2.690613488434659, 0.188629993080515, 0.6640588223049547, -0.7212685301230376, -0.056712553139090224, 1.9780300129689958, 1.9780300129689958, 1.9780300129689958
rpg_box01, 3.104293591595889, 4.6045869779589985, 1.2890241916345957, 0.7968936357895045, 0.0590530301255728, 0.03199446765582112, -0.6003745721719014, 0.2530805210985989, 0.2530805210985989, 0.2530805210985989
rpg_box01, 25.645400834039393, 2.971824533967144, 5.390380705112418, 0.7177855367423044, -0.5477183604977776, 0.42561515373330033, -0.060334581541334864, 1.1259527875720943, 1.1259527875720943, 1.1259527875720943
rpg_box01, 1.9988534873150954, 8.800308891440949, 9.909135316543486, -0.17331042123143856, 0.7672637404911264, 0.47588173382084864, 0.39345447746316153, 1.4793891596721196, 1.4793891596721196, 1.4793891596721196
rpg_box01, 24.310784574943792, -6.775282144256569, 9.397738282961672, 0.7496695767736787, 0.3409144216620464, 0.5388709187223764, -0.17717509903512924, 2.592482290565462, 2.592482290565462, 2.592482290565462
rpg_box01, 17.976683365189146, -0.3270316715081716, 3.8623937597575067, 0.7337456536605603, 0.17722297690337174, 0.5742058061488846, -0.3170126564928495, 1.47402686812904, 1.47402686812904, 1.47402686812904
rpg_box01, 15.971485000560286, -2.0984196748793194, 3.619234655315582, 0.16196205785720968, 0.20147668146947606, -0.44166376034407856, 0.8591324469704502, 1.3828854614094521, 1.3828854614094521, 1.3828854614094521
rpg_box01, 19.229749940332976, -2.9158672141620574, 3.7305080994291795, 0.6064821705903229, 0.43093120562030585, 0.30965291727296707, 0.5921087261669271, 2.7265884120819996, 2.7265884120819996, 2.7265884120819996
rpg_box01, 24.494287812093336, 7.885621765827619, 0.7338067078463395, 0.3908362045689543, 0.5400974979659494, 0.05244034022959973, 0.7434996735746825, 2.6844855941479087, 2.6844855941479087, 2.6844855941479087
rpg_box01, 4.387716964256963, 0.845227990288965, 1.8620461466435423, 0.8979689490913609, 0.4341329811385933, 0.013196079463218598, -0.07075439662858234, 1.5155390500583041, 1.5155390500583041, 1.5155390500583041
rpg_box01, 9.723836429573717, 5.946874581806059, 2.994486935368937, 0.12734167082624337, -0.6327915730495027, 0.1478713868284788, 0.749328350528751, 0.44462879313898596, 0.44462879313898596, 0.44462879313898596
rpg_box01, 8.408812386340175, -3.1550840677642844, 8.256533268193074, -0.30787924061740807, -0.3121808593741245, -0.8468854281871728, 0.30089625415001453, 2.932987125816901, 2.932987125816901, 2.932987125816901
rpg_box01, 7.576181274939141, -0.6950534753585842, 3.2161526225794903, 0.4293696324290551, -0.6110167982394551, 0.41270586780430907, 0.5215113207753359, 2.80168016231241, 2.80168016231241, 2.80168016231241
rpg_box01, 24.666546508950432, -1.6972993024165497, 8.08716810467921, 0.427192302962403, -0.20290603733726562, -0.20822051879739256, 0.8561425651452631, 1.8935890236283164, 1.8935890236283164, 1.8935890236283164
rpg_box01, 1000.0, 1000.0, 1000.0, 0.7050614291403099, 0.6587770286437391, -0.19447615930642825, -0.17629586249078788, 0.6432270398585596, 0.6432270398585596, 0.6432270398585596
rpg_box01, 13.181110671580084, 0.11206605227606481, 0.12812336219816922, -0.16425246145391875, 0.46238198682388965, 0.8014367246164714, 0.34194035094317743, 0.310902516687203, 0.310902516687203, 0.310902516687203
rpg_box01, 22.75310676656591, -1.5737924137191364, 9.797646565270012, 0.19832236160419292, 0.22440676456692737, 0.12843618456111644, -0.9454173636017704, 1.7493604854660298, 1.7493604854660298, 1.7493604854660298
rpg_box01, 3.2736596780497518, 0.954459817871049, 4.575249406389007, 0.12220959678620383, 0.7274891573916095, -0.0603501410349743, 0.6724449425849363, 1.1466642678545862, 1.1466642678545862, 1.1466642678545862
rpg_box01, 12.776411782456671, 4.5277923201632415, 6.932464062950431, -0.09698119933873148, -0.2794453102281294, 0.9475964439953145, -0.12068945643162077, 2.0213712023549544, 2.0213712023549544, 2.0213712023549544
rpg_box01, 2.0409884399350697, -9.93457167870382, 5.808129638196896, -0.2699504027330605, 0.6669046063688421, 0.3166438393286366, 0.6181437576191308, 0.26535810279510025, 0.26535810279510025, 0.26535810279510025
rpg_box01, 13.757943929489363, 3.217849707499836, 8.916652745317887, 0.6867846866404321, -0.005614766419192313, -0.7265676604417568, 0.019867143590696884, 2.3482420711502687, 2.3482420711502687, 2.3482420711502687
rpg_box01, 6.4426333429542115, 3.5946505279862535, 0.09714593433533314, 0.6990220183441076, 0.036227942037362515, -0.561473406500471, 0.44136534512648845, 2.959630165944345, 2.959630165944345, 2.959630165944345
rpg_box01, 9.766628483410274, 1.088629167143985, 4.320869359484946, -0.4830508914523874, 0.14639158950400702, 0.8481099938597318, 0.16106140786914097, 2.2999105410636633, 2.2999105410636633, 2.2999105410636633
rpg_box01, 7.2614602331046365, 8.728099031685197, 6.046157429479848, 0.7945139014655261, -0.33389663001566017, 0.40734382176422984, -0.30221136926450165, 2.117945214228793, 2.117945214228793, 2.117945214228793
rpg_box01, 23.155825281572632, 0.8131088617003197, 7.316579082215107, 0.08932135344368179, 0.8446433955772686, 0.08310081816628886, 0.5212422509225282, 2.7678085477190937, 2.7678085477190937, 2.7678085477190937
rpg_box01, 26.740549201388696, 5.865659434237456, 6.705831544977602, -0.011978815115013738, -0.31050765420200044, 0.8776730638717597, -0.3648718920722299, 0.2315257405589615, 0.2315257405589615, 0.2315257405589615
rpg_box01, 7.518347657525579, -8.377575114404529, 8.653618042739629, 0.527579123289902, -0.5186432522437212, -0.6449153776367761, -0.1917122877082447, 0.9458202910961268, 0.9458202910961268, 0.9458202910961268
rpg_box01, 0.29433386259709593, -8.038641647806413, 4.156857587820012, 0.3725769383165824, 0.35810735017229095, -0.853371329459189, -0.0685778743056239, 1.7428887493346035, 1.7428887493346035, 1.7428887493346035
rpg_box01, 16.111463204649763, -3.091147929038711, 1.2953692228733893, 0.3080564042914192, -0.2060732702674728, 0.908454291959715, -0.19325076578446904, 2.399863895154938, 2.399863895154938, 2.399863895154938
rpg_box01, 16.809510579034402, -7.136066157711567, 5.829234977299242, 0.27863009777640996, -0.09542041195272907, 0.7890723102041128, -0.5390965617262127, 1.2035792042955429, 1.2035792042955429, 1.2035792042955429
rpg_box01, 12.327595506535587, -3.6704722777265086, 7.418550244415933, 0.3356479426689012, 0.6251789206844238, 0.2995887930125515, -0.6377604023575589, 2.1491654168788057, 2.1491654168788057, 2.1491654168788057
rpg_box01, 29.479853134728543, -8.527994584656565, 4.982996620731248, 0.5340210156930852, -0.7807547180408915, 0.2133364097000984, -0.2443996754320379, 0.6001287140620746, 0.6001287140620746, 0.6001287140620746
rpg_box01, 20.84940922915404, 8.560394225293479, 1.9590656765850656, -0.2038552120511505, -0.2255565295401037, 0.7620802609503238, -0.5716650945888611, 2.282565817387195, 2.282565817387195, 2.282565817387195
rpg_box01, 16.689724980092876, -5.672229653535776, 8.536677770155503, 0.7371180561466001, -0.28653056248884223, -0.15225611254864385, 0.5927691660790564, 2.500898708015443, 2.500898708015443, 2.500898708015443
rpg_box01, 12.352586377992724, 1.746196959872739, 5.227468937602213, 0.7993441242662476, 0.2313321766005283, 0.3271740338547559, -0.4477628240949607, 0.21547063617136192, 0.21547063617136192, 0.21547063617136192
rpg_box01, 29.925194102275807, 2.3605963550057414, 5.022883551684849, 0.7960468186178303, 0.5672359849429959, -0.13937918332344112, 0.15851259637729526, 0.3917523729278066, 0.3917523729278066, 0.3917523729278066
rpg_box01, 15.109557356606246, -7.398467321406967, 9.56681556409264, 0.5514535449920863, -0.6484423244672599, 0.4561092118969176, 0.2595879935165153, 0.13863669318397712, 0.13863669318397712, 0.13863669318397712
rpg_box01, 2.9961294423655027, -4.193262851321464, 4.168010906989337, 0.1356220704213657, -0.6063519014210312, -0.2708925973233768, 0.7352286898463068, 2.242288798797644, 2.242288798797644, 2.242288798797644
rpg_box01, 5.263421645986599, -0.5789515929723859, 5.002203062743841, 0.42034854042264175, 0.7293946929352214, 0.4924068102232709, -0.22096610538322914, 2.0615696387059574, 2.0615696387059574, 2.0615696387059574
rpg_box01, 3.388107343984105, 9.202846674407606, 3.0518109934641338, 0.8301466838884899, -0.007719063866872988, 0.07418719344149963, -0.5525334013534713, 1.5380481560418646, 1.5380481560418646, 1.5380481560418646
rpg_box01, 25.362970588368178, -5.982203162935608, 3.5935615186197523, 0.17454791894884333, 0.9652538874776158, 0.0795967473663435, -0.17743256327032245, 1.7946451681009852, 1.7946451681009852, 1.7946451681009852
rpg_box01, 10.133532705126214, -9.086371258221673, 4.549639473192858, 0.30278311853318846, -0.8741689680736419, -0.15777063881663833, 0.34533957768516904, 1.1218171218109356, 1.1218171218109356, 1.1218171218109356
rpg_box01, 20.13409270824548, -3.237524553355861, 8.156008720614564, 0.15442394851092536, -0.8256243822718948, -0.3497886178143343, 0.4149042616941706, 2.102597708571675, 2.102597708571675, 2.102597708571675
rpg_box01, 24.05234330661198, 1.7105430759341989, 7.049376243132391, 0.21111347525240853, -0.898103106265702, -0.17749881999544972, -0.34254354465231235, 2.837191471151552, 2.837191471151552, 2.837191471151552
rpg_box01, 26.422751207482214, 6.629172780910274, 8.262000350611846, 0.6375884269891973, -0.37684164532074704, -0.5915075040483633, -0.3187322462128189, 0.4596463191329676, 0.4596463191329676, 0.4596463191329676
rpg_box01, 20.092911409842056, -6.662651415285721, 6.817120403789717, 0.8711554769790191, -0.15444449952267003, 0.28881290570636764, -0.36581708133176977, 2.339633680508617, 2.339633680508617, 2.339633680508617
rpg_box01, 23.840220871550223, 3.232820194133531, 1.8401284478299307, 0.18595642536400783, 0.6325344639484165, -0.45434203621692326, -0.5990773521921766, 2.8875820049447682, 2.8875820049447682, 2.8875820049447682
rpg_box01, 13.141421435811381, -0.20021435073923044, 2.2331442414074543, 0.3154825050409291, -0.8359480948540852, 0.2431144737741438, 0.3775671123978448, 0.4700793407697682, 0.4700793407697682, 0.4700793407697682
rpg_box01, 10.006755911190199, -5.137289157854901, 2.134855699549041, 0.42800974652478796, -0.5928999125792257, -0.5430932289342157, -0.412707033171402, 1.6345115508060963, 1.6345115508060963, 1.6345115508060963
rpg_box01, 16.901545072031027, 4.494611660159444, 6.077007234001957, 0.24191392031924386, -0.9068103064854609, 0.2536276926976418, -0.23419162389886977, 0.355862399646388, 0.355862399646388, 0.355862399646388
rpg_box01, 7.442337259127678, 4.282932356975612, 3.31515805773361, 0.36787675120400815, -0.6038852529746991, -0.36783580423714723, -0.6038924724522396, 0.33908997867081364, 0.33908997867081364, 0.33908997867081364
rpg_box01, 29.80540571856258, 8.298357654697469, 2.5033883508165475, 0.6731452683930368, -0.29928909517147534, -0.6097166546566218, -0.29248433494093934, 0.36708882643671403, 0.36708882643671403, 0.36708882643671403
rpg_box01, 20.862674969833094, -4.978040895310942, 0.44328645320422244, 0.5967035266734746, 0.07323389924765938, 0.682010151710118, 0.41646590523206517, 1.5980305822753904, 1.5980305822753904, 1.5980305822753904
rpg_box01, 18.803506390910446, -8.119013223130791, 1.6327543007929868, 0.25806081708527984, 0.609510369884306, -0.30715918886492233, -0.6837799034664718, 1.1516259034839964, 1.1516259034839964, 1.1516259034839964
rpg_box01, 9.346321586350552, 0.3563524518910697, 7.7157605128225235, 0.35452707410878315, -0.22498213472333117, 0.3182788346721625, 0.8499365718563524, 1.5282146910995273, 1.5282146910995273, 1.5282146910995273
rpg_box01, 24.0407741020842, -8.527596405056833, 0.937137800727873, 0.34109777813362174, -0.8057283330232728, -0.23773021524252086, -0.42182757600302667, 1.316802638784399, 1.316802638784399, 1.316802638784399
rpg_box01, 1.1614484839865236, -2.662072422105453, 8.647970724347823, 0.1943326232558569, 0.9606198842382192, 0.06529003302341219, -0.18756727095218179, 2.3429618190028756, 2.3429618190028756, 2.3429618190028756
rpg_box01, 21.95849429379495, 4.3423475192801515, 6.553643348809084, 0.41206631882173617, 0.5465698902333054, -0.7086660827044444, 0.17104118570506197, 0.20309059126754353, 0.20309059126754353, 0.20309059126754353
rpg_box01, 18.88437257152778, -3.7288518847429657, 1.4906850098476587, -0.39401949321320284, -0.5517749378505158, -0.5122652821546556, 0.5271407189992834, 1.971846973097452, 1.971846973097452, 1.971846973097452
rpg_box01, 11.774944022717262, 9.707286926872591, 8.327878897265457, 0.4998654192227904, 0.36161489207789016, -0.5050582040720976, 0.6035606373780413, 0.9794710134170209, 0.9794710134170209, 0.9794710134170209
rpg_box01, 9.054942418472782, -9.343515808870915, 8.340128956744934, 0.5455528543972787, -0.24007027660603122, 0.43583490570232725, 0.6743784399880594, 1.3258652331816008, 1.3258652331816008, 1.3258652331816008
rpg_box01, 29.395724917584882, -8.809731411012391, 0.6825849823153207, 0.9289467938824436, 0.251259963067325, 0.2596985254922668, 0.08051683645100571, 2.153057856455311, 2.153057856455311, 2.153057856455311
rpg_box01, 27.35701332154684, 8.076940596915414, 4.578334489515558, 0.5427586257607051, -0.11337933784632154, -0.7745117634802501, -0.3044498778823758, 0.2579859122533975, 0.2579859122533975, 0.2579859122533975
rpg_box01, 3.3992912499634453, -1.397013568207953, 0.021916214198238748, -0.18298274274490384, 0.26816564361067485, 0.7765822884067672, 0.5399300443366096, 0.615081193468318, 0.615081193468318, 0.615081193468318
rpg_box01, 21.21570376619067, 8.734132606090988, 2.8846190679558092, 0.8593983751224638, 0.05295514879170851, 0.2994619668429845, 0.4110385814833546, 0.6050964959310977, 0.6050964959310977, 0.6050964959310977
rpg_box01, 13.555386936269748, 1.0402789456656674, 1.4538193358795248, 0.152532766407496, 0.46868088640167266, -0.8700261316645617, -0.011247760426742998, 1.5006974267589572, 1.5006974267589572, 1.5006974267589572
rpg_box01, 27.447658301688307, 7.083994351847824, 4.288642661850934, 0.25869763294481163, 0.3263698120029623, 0.6067552525909629, 0.6770571201716878, 1.7129906473766543, 1.7129906473766543, 1.7129906473766543
rpg_box01, 10.688763729766114, 9.493631579926408, 2.638973110404627, 0.7111217349392548, -0.07818185467195835, 0.5180680818528429, 0.4688271944569268, 0.1504658215593592, 0.1504658215593592, 0.1504658215593592
rpg_box01, 11.58259775655713, 0.06673947460319418, 5.104592498608314, 0.6830634993444749, -0.22290507623378103, 0.3941906303889044, 0.5730194846304019, 1.4481504821878532, 1.4481504821878532, 1.4481504821878532
rpg_box01, 25.362049468243384, -4.2562437057914675, 2.5913501595446498, 0.39068156746345195, -0.20897338561449344, 0.029609802634834134, -0.896002955651957, 2.65214354105564, 2.65214354105564, 2.65214354105564
rpg_box01, 18.763246635845483, 3.3895360710926035, 0.708596563921361, 0.12607031085632006, -0.8535609530671588, -0.502880848261164, -0.051486197876776, 0.4644428582167418, 0.4644428582167418, 0.4644428582167418
rpg_box01, 20.800054707051213, -6.1836317818665565, 9.176870682320246, 0.5572040903217544, 0.438694924303218, -0.5176373389142754, 0.4786668470669841, 0.280304135300414, 0.280304135300414, 0.280304135300414
rpg_box01, 9.203618282522083, 9.82944200050753, 0.11614418788304381, -0.0695435349832354, 0.4861316393607022, -0.436079123274802, -0.7541052474279645, 0.11046568773960724, 0.11046568773960724, 0.11046568773960724
rpg_box01, 22.315298082520034, -9.714346804119376, 1.0202896044391818, 0.40194307490572007, 0.10641902417103694, 0.4095994559328714, -0.8120006413355317, 0.6702836365207625, 0.6702836365207625, 0.6702836365207625
rpg_box01, 24.206501183046733, -8.875915348519852, 8.959560942959941, 0.3144410522343163, -0.8876051621357288, 0.26689790446479716, -0.20505952650896941, 2.004830060453446, 2.004830060453446, 2.004830060453446
rpg_box01, 9.020417222538438, 5.484370566302722, 4.661026301884177, 0.3944574312250319, -0.2960466301619993, -0.7427164325730662, 0.4529150345340854, 1.405596444644353, 1.405596444644353, 1.405596444644353
rpg_box01, 2.3607611933352235, 6.588932940983344, 6.979796693743145, 0.16137782512198534, 0.17678606278940873, 0.907847121903797, 0.34426369081462743, 1.4961676078876562, 1.4961676078876562, 1.4961676078876562
rpg_box01, 17.565348188190068, -1.9964056455291335, 0.19976541849324403, 0.9506987859780749, 0.15461924373398225, -0.21197590670044125, -0.1653206665407313, 0.5698567356195495, 0.5698567356195495, 0.5698567356195495
rpg_box01, 0.3399768185333296, 1.9344765202509517, 7.815419292568052, 0.5210484864862823, -0.5162830045906738, 0.4765904721816065, 0.48458420911838884, 0.5763875444581008, 0.5763875444581008, 0.5763875444581008
rpg_box01, 1000.0, 1000.0, 1000.0, 0.742087876149277, 0.0787946409925086, -0.6610970672318189, 0.07776667872942092, 1.659626629453067, 1.659626629453067, 1.659626629453067
rpg_box01, 21.832256626934406, 0.21663308270845683, 9.515200350106246, 0.7768815565349382, 0.252001110945529, -0.575510347059635, 0.041693256353627445, 2.554056438795635, 2.554056438795635, 2.554056438795635
rpg_box01, 18.47070318232489, -3.151338071152656, 7.436436036740917, -0.36760254897132083, 0.5225658226107142, 0.525114233571103, 0.5621817933106767, 2.8810195041821975, 2.8810195041821975, 2.8810195041821975
rpg_box01, 6.99071109575831, -9.570097262525064, 5.228224908888808, 0.2514149040702266, -0.47415852651287826, 0.5406056031596085, -0.6478501521022675, 0.8274158316810364, 0.8274158316810364, 0.8274158316810364
rpg_box01, 29.3471113091302, -9.282728783793273, 1.8667843646575921, 0.14769947622127785, -0.5349976349269401, 0.3979925349399105, -0.7304548839446862, 1.8503928759559383, 1.8503928759559383, 1.8503928759559383
rpg_box01, 10.401719863166242, -5.2678709852857875, 1.7465961381746808, 0.6800247316691613, 0.24018702293969119, 0.6646229459447379, 0.19532766842767382, 2.5254342284653855, 2.5254342284653855, 2.5254342284653855
rpg_box01, 10.628432198166108, 5.2036273749702175, 8.32275745210659, 0.29978594419154886, -0.43333164850894784, 0.5408452785754931, -0.6556206637288796, 1.1186723625095372, 1.1186723625095372, 1.1186723625095372
rpg_box01, 19.30193281113559, 6.518720478756194, 3.1216168257117327, -0.20342624073151475, -0.43761238427195304, -0.6395026914921649, 0.5984559075553834, 1.3150719871086838, 1.3150719871086838, 1.3150719871086838
rpg_box01, 10.004165440358827, 3.1689932529994262, 2.6990187735416447, 0.549659581438564, 0.458747783719787, 0.4069429154199228, -0.5672938207441535, 1.4640140968915114, 1.4640140968915114, 1.4640140968915114
rpg_box01, 3.4718379026828714, -5.0710694988046034, 3.848481319876731, 0.6227501262294052, -0.3893950566755769, -0.3446391080804534, 0.5846175290729776, 1.3590946328653997, 1.3590946328653997, 1.3590946328653997
rpg_box01, 5.661035991023601, -0.12470609757253293, 9.740601053611632, 0.18378138965479263, -0.44716748798238376, -0.012101811710721874, 0.8752823456813212, 1.3943821293805372, 1.3943821293805372, 1.3943821293805372
rpg_box01, 25.105294839839033, 3.5338793115431795, 3.061102257800644, 0.5635712255371229, -0.06182754716565943, -0.13025816688261568, 0.8133865244263911, 1.7105757194624103, 1.7105757194624103, 1.7105757194624103
rpg_box01, 29.153777335321344, 7.806939678400944, 1.3545405982290482, 0.4880893021814817, -0.3280793054115973, -0.6341856072523793, -0.5019376634708429, 2.8585010408094726, 2.8585010408094726, 2.8585010408094726
rpg_box01, 3.8752563195924736, -9.284023533075418, 8.785069197025573, 0.8209002580132762, -0.11358491084104227, 0.3744190608180381, -0.41597067362869156, 2.8673323004980498, 2.8673323004980498, 2.8673323004980498
rpg_box01, 9.787345350941676, 1.9871509227793087, 9.157264086158733, 0.2252888464677979, -0.9204894342894933, -0.11881491865188801, 0.29635646124956105, 1.7507888126360986, 1.7507888126360986, 1.7507888126360986
rpg_box01, 12.605483412109782, 3.537017807975232, 0.9925321618758032, 0.19511414651706085, -0.9615529937551671, 0.1866826522097307, -0.04995895708814658, 1.9117808165445616, 1.9117808165445616, 1.9117808165445616
rpg_box01, 18.37493370006685, 6.648123122982565, 1.5623283441142755, 0.9202706196600833, -0.31155390586699033, 0.03751100863900989, -0.23372863444677272, 1.1581364406883572, 1.1581364406883572, 1.1581364406883572
rpg_box01, 12.80435571599132, -2.6630923045764376, 3.4355981793651083, 0.5706322813621039, -0.04686811962720111, -0.7372911701448839, 0.3585859858618001, 2.9697527502834973, 2.9697527502834973, 2.9697527502834973
rpg_box01, 2.5082299228682112, -5.29970466603594, 9.249940293855886, 0.7129686362170629, -0.18937835610123516, -0.4179782981546206, -0.5301940251294261, 1.0999708724188324, 1.0999708724188324, 1.0999708724188324
rpg_box01, 7.465568516007788, -7.705461496733665, 1.8804401778700919, 0.04760180753627506, -0.293492334325212, 0.2123820377797177, -0.9308545469836585, 2.458854697684316, 2.458854697684316, 2.458854697684316
rpg_box01, 24.226819007625195, -0.04069949750611457, 5.531537619086433, 0.2655317224996332, 0.8632512987483407, -0.35166117373536115, 0.24622046714834392, 1.3510591365909945, 1.3510591365909945, 1.3510591365909945
rpg_box01, 24.221321590973428, -1.4288094636722022, 3.123674507648916, -0.4740976895729707, -0.46310956859026414, -0.5937005528165538, 0.4563776526157134, 0.4957764283976729, 0.4957764283976729, 0.4957764283976729
rpg_box01, 23.878156377666738, -8.475112825515437, 3.594806934268285, 0.4938134428117298, 0.5364469692493494, 0.09978214243572425, -0.677064588449692, 2.3011798108646286, 2.3011798108646286, 2.3011798108646286
rpg_box01, 23.514058312983504, -1.7150820541636254, 3.42693187761265, -0.41184266762630034, 0.5092004356749558, -0.6507841503916064, -0.3841621051456832, 2.9088330296383424, 2.9088330296383424, 2.9088330296383424
rpg_box01, 3.2364573223616633, -8.42088604582604, 6.44730638199841, 0.24736388857170663, -0.6848204300593581, -0.37924374372165925, 0.5709695859255383, 0.16670931690977303, 0.16670931690977303, 0.16670931690977303
rpg_box01, 15.183737511581413, -7.128722663789708, 3.006337592248979, -0.6422590498972551, -0.17921226290021497, 0.7178301928049844, -0.20026505423767302, 0.824216953629783, 0.824216953629783, 0.824216953629783
rpg_box01, 25.23222997409943, -7.316995623917856, 5.608453864565142, 0.5104122585240607, 0.663473665446281, -0.17102728417553442, 0.5196457347801334, 2.997495678136326, 2.997495678136326, 2.997495678136326
rpg_box01, 19.07099750959571, -9.720676136803359, 7.270591593481929, 0.7864386988932208, -0.4749291426008734, -0.35811785749203834, -0.16645744962857406, 2.6280570051334853, 2.6280570051334853, 2.6280570051334853
rpg_box01, 12.875265161498943, -3.8146447180548604, 1.776594374274767, 0.8215485835937216, 0.2507429012775391, 0.10503995921614197, 0.5011512039514054, 1.5410657050048078, 1.5410657050048078, 1.5410657050048078
rpg_box01, 24.65299139074977, 5.035750052093386, 1.4926477982694542, -0.0418694983705557, 0.7174661747275679, -0.540515148839041, -0.4374158285927685, 0.8921410898396834, 0.8921410898396834, 0.8921410898396834
rpg_box01, 29.095895303990833, -6.820215801867919, 8.869643415992904, 0.14442817968373514, -0.5719161047422148, -0.052878965073208314, -0.8057644104218809, 2.549566391634159, 2.549566391634159, 2.549566391634159
rpg_box01, 9.150263103164995, -6.314843620816082, 5.7211269501132325, 0.8529895771229226, 0.39376292399558543, 0.06754974878592687, -0.3358520097380134, 2.8794456536844835, 2.8794456536844835, 2.8794456536844835
rpg_box01, 24.369582871426097, -1.9916167136415623, 4.471836521749827, 0.12492267207435853, -0.9770210714453784, -0.1693040086194071, -0.034063244398133234, 2.506017446786652, 2.506017446786652, 2.506017446786652
rpg_box01, 24.347684569420032, -1.6944664518006718, 1.0991758257934836, -0.23938123332897962, -0.7196352458525253, -0.4381921023124469, 0.48250328447345353, 0.5776889139912063, 0.5776889139912063, 0.5776889139912063
rpg_box01, 9.209372704414179, -7.648859173725368, 0.632151986966758, -0.12452413580403854, 0.691010629473616, -0.15831771773137943, -0.6942143399621343, 1.158951107655418, 1.158951107655418, 1.158951107655418
rpg_box01, 9.478272450466104, 6.828546944023909, 6.271909232659233, 0.8729728882002707, -0.28720269185982705, -0.2838582592118544, 0.27360087524158705, 2.0638303842921966, 2.0638303842921966, 2.0638303842921966
rpg_box01, 3.6279191488367655, 0.12253744461089688, 2.714315523390262, 0.7715138445609347, -0.005441893102776568, -0.6325197714250139, 0.06823131397468518, 2.6282431929886676, 2.6282431929886676, 2.6282431929886676
rpg_box01, 17.91767456980193, -6.1982206744770245, 6.478346273788733, 0.6263097636069249, 0.5145346063420881, -0.5511015023050032, -0.19818514839462326, 2.5126985165365148, 2.5126985165365148, 2.5126985165365148
rpg_box01, 6.796577303939104, -3.787985267688427, 1.9627472622538744, 0.0812416115035675, 0.8390459049755409, 0.48953994705770876, 0.22305248292456797, 1.299664062042427, 1.299664062042427, 1.299664062042427
rpg_box01, 12.936143141246207, 5.767528398021746, 9.106233302772115, 0.5436642164336305, 0.24563407799030307, -0.21265018236568523, -0.7738688644979206, 2.026291255301755, 2.026291255301755, 2.026291255301755
rpg_box01, 24.38391629901919, 9.691470463126922, 9.785083901145065, 0.36483356082658014, 0.1866185477922073, -0.9093417242761614, -0.07188615308237901, 2.547846381963519, 2.547846381963519, 2.547846381963519
rpg_box01, 27.841602738039402, -8.96377316455607, 8.364917664255158, 0.15833862795158832, 0.382894585111521, -0.313286227365307, 0.8545012319089409, 2.864196602795866, 2.864196602795866, 2.864196602795866
rpg_box01, 8.894555205254338, -5.791867618764592, 9.570517743682327, 0.44210496875747574, -0.09095354367777561, 0.7372663067719818, 0.5027017429760995, 0.3686844324399836, 0.3686844324399836, 0.3686844324399836
rpg_box01, 13.181205164993052, -4.333238768341305, 7.616230573392939, 0.45632942431601176, 0.5438576497454719, -0.49738460527239453, 0.498588876485199, 0.8862692715074302, 0.8862692715074302, 0.8862692715074302
rpg_box01, 12.381010381439523, -8.084712627311115, 4.377228112346087, 0.561888801891565, 0.4374923030174781, -0.6172125439675746, 0.33455961304138215, 2.6556814120217243, 2.6556814120217243, 2.6556814120217243
rpg_box01, 4.651564714076245, -9.327606899239528, 8.309690498319611, 0.20184773699045955, 0.931558227183963, 0.21377819179412894, -0.21390569218918665, 2.5867660435771547, 2.5867660435771547, 2.5867660435771547
rpg_box01, 6.40471421933303, -7.600283857946566, 8.337012639151988, 0.5886731353022084, 0.4605038788683235, 0.5267408816509679, -0.4049001863648094, 1.808734446809385, 1.808734446809385, 1.808734446809385
rpg_box01, 12.968649115255257, -7.914098286388532, 8.407597735892761, 0.6205174872985428, 0.395692584531964, 0.6471748075038217, -0.19887230836772718, 0.8957646840008003, 0.8957646840008003, 0.8957646840008003
rpg_box01, 19.687938230164498, 2.8459240344592835, 9.108696540552618, 0.12165701788872271, 0.15056983242953625, -0.9619325227753694, -0.19290960885237826, 0.9172918820361957, 0.9172918820361957, 0.9172918820361957
rpg_box01, 22.53887492391616, 4.733187737963485, 4.704090242289686, 0.6457070116674359, 0.6027948073951592, -0.4661248377858624, 0.04927992349878385, 0.25817980804221524, 0.25817980804221524, 0.25817980804221524
rpg_box01, 0.5908190153188464, 6.073217314499125, 9.681275046059614, 0.1616528083606173, -0.27600691566216157, 0.9467105840496435, 0.03778388683247097, 2.054380870172639, 2.054380870172639, 2.054380870172639
rpg_box01, 28.548355707228843, -3.372750151255028, 1.3322748530042772, 0.07744609708432826, 0.46642610471662205, -0.3242676354005611, -0.8193285613946413, 0.18230343643333713, 0.18230343643333713, 0.18230343643333713
rpg_box01, 9.050414884887964, -1.6334053430128765, 3.2668421402250782, 0.6040317937905421, 0.5449070992923284, 0.41156440494397006, -0.41089729351033283, 1.1294607032061819, 1.1294607032061819, 1.1294607032061819
rpg_box01, 8.849999341267367, -1.9005205638085911, 1.9257525708665812, 0.8013493612720787, -0.0012000737368486197, 0.09700111856119732, 0.5902783614615515, 0.25343071049237303, 0.25343071049237303, 0.25343071049237303
rpg_box01, 15.346871955869194, -9.923319560806416, 5.297479762129596, -0.09704439279835458, -0.7217469418280585, 0.25626133898349807, -0.6356051163502606, 1.894939207808688, 1.894939207808688, 1.894939207808688
rpg_box01, 20.46389620652039, 0.650725379673343, 9.888689366807345, 0.043051102292695625, -0.3248019235918342, 0.24245791405399525, -0.9131617999757841, 2.4054081752227257, 2.4054081752227257, 2.4054081752227257
rpg_box01, 2.5074338416643305, -5.809263290846141, 1.522040535002237, 0.49873933659753633, 0.5895605362624541, -0.6309779923153951, 0.07445952877778891, 1.131663552107252, 1.131663552107252, 1.131663552107252
rpg_box01, 26.58601386727287, 0.10162677411432952, 7.040569395207019, 0.1967137936512515, 0.6969367222129037, -0.1310650376579927, 0.6770560128395402, 1.9373360506597785, 1.9373360506597785, 1.9373360506597785
rpg_box01, 2.5611008081046616, 5.240409884535964, 1.766757343047567, 0.378839798855343, -0.48400197953968305, -0.1935664778602817, 0.7646924278778211, 0.3894062209883813, 0.3894062209883813, 0.3894062209883813
rpg_box01, 24.74235623477577, 9.303761583092637, 1.501898844890377, 0.3624375068745595, -0.06472537059194636, -0.31312277035615466, 0.8754449215666146, 1.6932600627847996, 1.6932600627847996, 1.6932600627847996
rpg_box01, 0.8974278346671283, -9.303590852166263, 4.340461641754503, 0.5020610155594813, 0.5849275953897318, 0.00368441164873079, -0.6370093169787793, 2.967859583054411, 2.967859583054411, 2.967859583054411
rpg_box01, 9.824742083931588, -2.437483195642576, 7.541768084693516, 0.808266020225369, -0.011819384568401842, 0.5528951870581655, -0.20217135015966983, 1.2062543690580114, 1.2062543690580114, 1.2062543690580114
rpg_box01, 25.32593723165641, 7.802783670808541, 3.9249178149836608, 0.037062531889404476, -0.4613017519577942, 0.26401343930917165, -0.8462410804462042, 2.863824568107349, 2.863824568107349, 2.863824568107349
rpg_box01, 10.658513128422095, -6.210168046843457, 4.837731495460251, 0.27184157693310096, -0.04839694891541253, -0.644202290749035, -0.7132764548054981, 2.768379576077669, 2.768379576077669, 2.768379576077669
rpg_box01, 26.66555528640867, 5.270111494307873, 2.41676725488169, -0.12583940680553724, 0.16117107367574227, 0.6064795060304949, 0.7683559965732327, 0.6747873434513639, 0.6747873434513639, 0.6747873434513639
rpg_box01, 18.099746880473514, 2.1904515961613065, 2.596812747053898, 0.17350002158991093, -0.6300967410234165, 0.31764291583209786, -0.6870071451459968, 1.7734629776549997, 1.7734629776549997, 1.7734629776549997
rpg_box01, 1.661588604325317, 0.9243803388207166, 9.524150437703247, 0.6369372876618749, 0.03353508909881156, -0.76956062251334, -0.031028014147690686, 0.5388587835412385, 0.5388587835412385, 0.5388587835412385
rpg_box01, 17.402333579339903, -8.309137535195728, 2.139855248726612, 0.40580667026527334, -0.057983780669522846, 0.19529666544842894, 0.8909646682176601, 1.7540688990424498, 1.7540688990424498, 1.7540688990424498
rpg_box01, 23.436184744069564, -4.125203751184343, 2.3399266738440483, -0.06823808971069956, 0.6804899898765375, -0.19661505582249145, -0.7025805694825207, 0.4232178213826979, 0.4232178213826979, 0.4232178213826979
rpg_box01, 28.090097267885124, 2.5897444608371067, 7.376240439446104, 0.603579485700096, 0.6637110229718156, 0.04202997162545721, 0.43978740763336654, 2.395262483666868, 2.395262483666868, 2.395262483666868
rpg_box01, 1.707805285531896, -7.090063428083029, 8.003905765638507, 0.11505702116868603, 0.34124192375628026, -0.7617459170777977, -0.538571247994364, 2.0792765743389174, 2.0792765743389174, 2.0792765743389174
rpg_box01, 55.14152084768961, -6.453079263006661, 5.023651431243036, 0.16269463050225133, -0.12564613090800533, 0.023515719589147777, 0.9783611388060081, 2.10223169216003, 2.10223169216003, 2.10223169216003
rpg_box01, 47.253951284343536, 5.742433625641352, 9.710628108074662, 0.49357956683735815, 0.6420647362570537, 0.10501330153100602, -0.5771518796273334, 0.8712810763570028, 0.8712810763570028, 0.8712810763570028
rpg_box01, 42.99643356122183, -7.423384809608549, 5.807225404717448, 0.586609249495934, 0.543182657203577, -0.025310596876238545, 0.6001679456659171, 0.7426442280911421, 0.7426442280911421, 0.7426442280911421
rpg_box01, 32.77455698810184, 3.632960493663827, 9.07032287224595, 0.6097273253117864, -0.4137667711700447, -0.4499069022882648, -0.5045923375528293, 0.9038340375879673, 0.9038340375879673, 0.9038340375879673
rpg_box01, 29.068343737486245, -5.062691734066538, 2.0257896525247943, 0.16496874472761824, 0.8841585486854789, 0.045051111678533776, -0.43476358102526247, 1.1175782074568987, 1.1175782074568987, 1.1175782074568987
rpg_box01, 49.85260783656239, 5.479706447655756, 5.858869151556354, 0.0311759912792099, 0.05232752873205971, 0.2280667960865097, 0.9717383515264736, 0.30943028372308035, 0.30943028372308035, 0.30943028372308035
rpg_box01, 13.226405713237469, 2.324752010867874, 2.821077852222179, 0.595407288730437, 0.11238844954577215, -0.7706455956833782, -0.1973939279440444, 1.9956934309623167, 1.9956934309623167, 1.9956934309623167
rpg_box01, 8.013826726092642, -3.5534261379185335, 0.6956275896831232, 0.3492848566849041, 0.31905117371888037, 0.8038293460429239, 0.3606450053437812, 0.6121762054004279, 0.6121762054004279, 0.6121762054004279
rpg_box01, 12.095275563199392, 8.999788585711027, 1.80254458197869, 0.705070430909053, 0.20664360662921843, 0.1706151348170826, -0.6565550876113442, 2.935319796521007, 2.935319796521007, 2.935319796521007
rpg_box01, 40.84169857471725, -6.94952368419097, 5.651491391889783, 0.5956382746799438, -0.4112299773560976, -0.28320353546175836, -0.6292064120477188, 0.2654650421719207, 0.2654650421719207, 0.2654650421719207
rpg_box01, 13.095436855413308, 9.190268175708617, 5.967063926093285, -0.35108964575044943, -0.315558275222275, 0.7920147450959794, -0.387132637652934, 0.7857927941175112, 0.7857927941175112, 0.7857927941175112
rpg_box01, 25.897013961219592, -3.9195555210760924, 7.775911950637184, 0.4662147215974547, 0.5839249331852885, -0.3565480510438187, 0.560846675186025, 0.10254384636840025, 0.10254384636840025, 0.10254384636840025
rpg_box01, 33.94210615832055, -8.161831218392804, 2.4717209242076423, 0.5063620917706915, 0.8443086062852335, -0.05987108905888334, -0.16479035792545565, 1.840522374327722, 1.840522374327722, 1.840522374327722
rpg_box01, 49.760060893407314, -4.671177648422971, 2.9629091499533136, 0.5497128260988233, 0.5431031574776279, -0.5982293588114365, 0.2120764093819329, 1.031860316770106, 1.031860316770106, 1.031860316770106
rpg_box01, 12.630021317127358, 1.8597962182264567, 0.13310557801316403, 0.7115167591826809, 0.3975021751942022, 0.5368611504619759, -0.21798171309239722, 1.0984398653686778, 1.0984398653686778, 1.0984398653686778
rpg_box01, 22.53659920681819, -3.4560811104721223, 5.653132136457709, 0.20694633946941288, -0.6621733571439651, 0.5789589849393189, -0.42837617980804577, 1.5295471332725192, 1.5295471332725192, 1.5295471332725192
rpg_box01, 8.162588516819923, -2.2673872989740573, 4.180464584611747, 0.49442168725783053, 0.39261646273092066, -0.5750956454410567, 0.5202542714447562, 0.7330232371952965, 0.7330232371952965, 0.7330232371952965
rpg_box01, 55.44051665189231, 3.086802523965588, 0.14632346043028543, 0.6437324529314109, 0.43552860468121535, 0.5501545224414979, -0.3053741393512389, 0.3971211402950171, 0.3971211402950171, 0.3971211402950171
rpg_box01, 39.82622940190427, -0.35479026482721565, 1.950630230017082, 0.6022564460713985, 0.610026163484453, -0.4333483608475791, 0.27814465873103567, 1.2978641729026743, 1.2978641729026743, 1.2978641729026743
rpg_box01, 38.837623207391786, -4.518403550078429, 1.8408485284224818, 0.04461028002877704, -0.6718892426017359, 0.3851744879223258, -0.631043090799348, 2.6967329698583105, 2.6967329698583105, 2.6967329698583105
rpg_box01, 54.47479924504473, 7.121752042156825, 3.3628458958873875, 0.9330800924391232, 0.3101779427756818, 0.01746280537461139, -0.1812353037840358, 2.8443803275523325, 2.8443803275523325, 2.8443803275523325
rpg_box01, 39.75386425213528, -1.886414169638952, 4.101281159835509, 0.21261923729259088, -0.7196274270116826, 0.15741026975812272, -0.6419902126982449, 0.6392948550585803, 0.6392948550585803, 0.6392948550585803
rpg_box01, 8.260136514189057, -4.230809133836475, 0.325873370442854, -0.27872309684943253, -0.6016446287119349, 0.5176870958441743, -0.5406822050161855, 0.3410612231372709, 0.3410612231372709, 0.3410612231372709
rpg_box01, 13.012169563718313, -8.511532404237837, 8.471736076247495, 0.1658318069479339, 0.8347670868649142, 0.524470423618925, 0.024382314091024468, 2.2713283838203493, 2.2713283838203493, 2.2713283838203493
rpg_box01, 47.64855999071558, 1.9325289448461174, 6.677271117684067, 0.173915506276879, -0.7450934231500925, 0.32283678694310314, -0.5571046548460957, 2.384970782951983, 2.384970782951983, 2.384970782951983
rpg_box01, 13.413228976628433, 1.8564045755509504, 6.017919555046801, 0.611083704064947, -0.3472201805033529, -0.6149611930472373, -0.3575438209833892, 0.8474361667707304, 0.8474361667707304, 0.8474361667707304
rpg_box01, 15.49836418477868, 2.256503635315532, 8.147735543471319, 0.360431240433814, -0.22113983503250023, -0.6869916840011303, 0.5909559377774553, 2.290451870898246, 2.290451870898246, 2.290451870898246
rpg_box01, 11.49477841835201, 0.9962940185545328, 0.9077466995645456, 0.7698060482515446, 0.06842367511333208, 0.6345907399546435, -0.0033825320609989773, 0.9113034323952112, 0.9113034323952112, 0.9113034323952112
rpg_box01, 55.194593584704236, 1.4588401151968284, 7.588110303141652, 0.450213025538751, 0.7904658031037002, -0.385568439042314, -0.15430173224348348, 1.342920813854949, 1.342920813854949, 1.342920813854949
rpg_box01, 17.659997933241343, -9.170455602394966, 8.710999157857046, 0.6283401944394565, -0.39218078852683186, -0.6028700802455604, -0.29653076654365884, 0.7600805113366594, 0.7600805113366594, 0.7600805113366594
rpg_box01, 46.18005245183448, 6.535233656319168, 7.915488805831523, 0.4688394382246766, -0.20455026412543348, 0.684173923346526, -0.5198603785864111, 0.40665968285104115, 0.40665968285104115, 0.40665968285104115
rpg_box01, 55.818072623511455, -4.905894816284619, 4.650776096296547, 0.5445728869776439, -0.5453843258598974, 0.21624550280817412, 0.5993614855747904, 2.441387660654716, 2.441387660654716, 2.441387660654716
rpg_box01, 1.5186671300353072, -6.584294014706553, 1.8107575168788514, -0.02156743577391801, -0.32687306307107133, -0.6971550458173438, 0.6377018805398732, 1.6519399691180592, 1.6519399691180592, 1.6519399691180592
rpg_box01, 22.69786299128292, 0.0917968487562959, 6.905310360636808, 0.7070513409895187, -0.08837571763748203, -0.6983842528507657, -0.06728721354805195, 0.7211544668011598, 0.7211544668011598, 0.7211544668011598
rpg_box01, 30.347157898484603, -3.2501385087610224, 2.0871604725934434, 0.508243989111699, 0.4870096128756276, -0.47513322539894637, 0.5279754753968715, 2.1547045041979156, 2.1547045041979156, 2.1547045041979156
rpg_box01, 47.106831240915334, 7.455064861537231, 8.518139264956579, 0.6701347013335679, -0.049027959262352275, 0.03320424022808013, 0.739873786337923, 0.6779065253616117, 0.6779065253616117, 0.6779065253616117
rpg_box01, 18.59316181566159, -5.091864084761868, 7.657404976449932, 0.6683528520127219, -0.4380283802071442, 0.5230048333450026, 0.2964819516215653, 1.9752202552038876, 1.9752202552038876, 1.9752202552038876
rpg_box01, 26.504546608574444, -1.6353770824240463, 3.180584065319856, 0.16755865241734907, -0.5508080302664161, 0.8092763110968282, -0.11664674916868725, 0.6858019769019927, 0.6858019769019927, 0.6858019769019927
rpg_box01, 15.291219191640014, 7.314794383070186, 0.5055169361712042, 0.9165618294866643, -0.10155262468211487, 0.3644805462912092, -0.1294426843181729, 2.583062798814545, 2.583062798814545, 2.583062798814545
rpg_box01, 46.85739091053784, -9.556589041008337, 8.263195742403383, 0.18543311744890628, 0.12129778791017432, 0.15164122907873473, -0.9632789540132023, 2.9754475703886833, 2.9754475703886833, 2.9754475703886833
rpg_box01, 9.304492274085769, -4.797650941310961, 3.696082510134903, -0.05173592368031246, 0.29739639047096084, -0.6326839421750299, -0.7131548292269022, 0.2802116358742151, 0.2802116358742151, 0.2802116358742151
rpg_box01, 28.609535208895203, 5.645332251771142, 2.0763282531892724, 0.48078928687687517, 0.7778459894204873, 0.3656423661828667, -0.1735019839053241, 0.6275184928067704, 0.6275184928067704, 0.6275184928067704
rpg_box01, 43.74208248031433, 3.691698993846426, 4.890389550316211, 0.7736859116426367, -0.028275827058799913, 0.628866145069432, -0.07167955995508846, 2.449596721042773, 2.449596721042773, 2.449596721042773
rpg_box01, 13.111101981601639, 2.264377082734889, 1.032266332203553, 0.15383680741267589, 0.7862056829064495, -0.21138889335639124, 0.5599371363074956, 0.823137618660876, 0.823137618660876, 0.823137618660876
rpg_box01, 0.5787646161101967, -7.508871872020892, 4.260911341504086, -0.023526695618342308, 0.4091346398671627, 0.29860263123001846, 0.8619117180294968, 0.6112463144581408, 0.6112463144581408, 0.6112463144581408
rpg_box01, 36.668810678022055, 2.147188345093342, 6.666340566499737, 0.023460342389808077, -0.15505174113342107, 0.3748141563395818, -0.9137411658198918, 0.20364925756307456, 0.20364925756307456, 0.20364925756307456
rpg_box01, 45.91339241700357, 6.510594954388786, 9.189052509143384, -0.12727620781828966, -0.44570571064307163, 0.7472371140214912, -0.47621831322659447, 1.8790926385284445, 1.8790926385284445, 1.8790926385284445
rpg_box01, 17.52372523144254, 0.8096490372916101, 8.481244956978486, 0.7182038698870765, -0.3000614131975346, 0.604355518980604, 0.17000222429959672, 2.884413004484831, 2.884413004484831, 2.884413004484831
rpg_box01, 44.25454921949464, 7.674661798867348, 2.49692029394203, 0.12323096709956918, -0.25994322000386716, -0.09257448965109161, -0.9532437332537602, 2.9497937645318, 2.9497937645318, 2.9497937645318
rpg_box01, 47.63019624295512, -7.596054648587285, 5.089710162321522, 0.4414273846133657, 0.7222168436639121, 0.49260349784333557, 0.20220407699660972, 0.8733820089481344, 0.8733820089481344, 0.8733820089481344
rpg_box01, 32.596033690945035, -7.194405192327286, 9.518067070601056, 0.7715383499320823, 0.00890269239680816, 0.6252831600535182, -0.11692000002417852, 0.7814916407310709, 0.7814916407310709, 0.7814916407310709
rpg_box01, 21.68430273282031, -0.9321658820838525, 7.046835613939013, 0.6718712940248123, -0.405668004663436, 0.6066646900541998, -0.1264135597918692, 2.0969487139456247, 2.0969487139456247, 2.0969487139456247
rpg_box01, 40.695442783726875, 6.377787640009352, 9.071731657772133, 0.8799702200289603, -0.3043639163646208, 0.3461706435638417, 0.11480811736096547, 2.6556290425668947, 2.6556290425668947, 2.6556290425668947
rpg_box01, 44.671349538192416, -2.2453270776682643, 6.316541799496185, 0.966199088927034, -0.005808599457985654, -0.2530923642264429, 0.04868096033538609, 2.8218464735897486, 2.8218464735897486, 2.8218464735897486
rpg_box01, 54.47545408484461, 2.2328881212430396, 6.788319176911612, 0.25515955828827885, 0.33377668874234945, 0.14444837085932216, 0.895891394099983, 2.347656201096522, 2.347656201096522, 2.347656201096522
rpg_box01, 46.10919907007731, 2.8255134438925005, 6.4144968885627085, 0.8368835470140928, -0.0746807967687608, 0.26317984414070356, 0.47411504613244304, 2.228450295422003, 2.228450295422003, 2.228450295422003
rpg_box01, 36.19123146926368, 9.05728972972658, 3.5995196214710647, 0.2564226124047682, 0.9209724540374877, 0.21869946287135356, 0.19551912359527157, 0.3644160947725369, 0.3644160947725369, 0.3644160947725369
rpg_box01, 12.246198638059784, -7.273246815095169, 6.952321124035155, 0.8767977921207067, 0.13554393715868898, 0.08572713250774278, -0.45332585585180946, 2.098212714360574, 2.098212714360574, 2.098212714360574
rpg_box01, 32.967194277380635, -5.845036531217602, 5.132407477515713, 0.31981440120741317, 0.8165155171096447, -0.0149889653340039, 0.48041283290283743, 1.4847480660994208, 1.4847480660994208, 1.4847480660994208
rpg_box01, 5.047373268927351, 2.6135693548949455, 5.507205348312247, 0.03389569747756366, -0.7051173404791848, 0.11868447800361798, -0.6982654312860399, 0.6828486868613666, 0.6828486868613666, 0.6828486868613666
rpg_box01, 20.523640011791116, -0.37549349252200415, 2.101003862382677, 0.4671984312316703, 0.22004191055190228, -0.10352030946977331, 0.8500533683143766, 2.5445018501606724, 2.5445018501606724, 2.5445018501606724
rpg_box01, 4.288040702373712, 0.35797577921586843, 1.075426881778725, 0.7138217562079854, -0.11069178034732807, 0.6546966622730431, 0.2226614257931159, 0.7075571390949247, 0.7075571390949247, 0.7075571390949247
rpg_box01, 32.056782776678844, 2.791895255844281, 7.700172959982475, 0.27947926263927236, -0.5805357652830645, 0.018939000900800695, 0.7645331132310063, 1.4123063002672829, 1.4123063002672829, 1.4123063002672829
rpg_box01, 31.239614830567614, -8.954516182068899, 4.13355038144093, 0.6095881840928645, -0.31804472527448063, -0.632890421586958, -0.35594875024773814, 2.1702582062970883, 2.1702582062970883, 2.1702582062970883
rpg_box01, 32.80436783001869, -9.199457674310985, 8.852148678445475, -0.20842304720349364, -0.6693298821991606, 0.6586553781597617, -0.273368679645071, 1.1926238687486885, 1.1926238687486885, 1.1926238687486885
rpg_box01, 9.02493419309522, -8.781149052074769, 8.956977219301939, 0.5789468179585855, 0.43345437549193067, -0.5634734532826454, 0.39929381887058957, 0.1701721525271833, 0.1701721525271833, 0.1701721525271833
rpg_box01, 2.9435841273590446, 2.990284602825229, 5.293974597528116, 0.23181329799122496, -0.6070204324825177, -0.6343832599645225, 0.41874415685470046, 2.3670891230695768, 2.3670891230695768, 2.3670891230695768
rpg_box01, 34.952490677213326, -3.9161100877233945, 7.7544853286910005, 0.7943033967034452, -0.25113881105096164, -0.4739235420040684, 0.28532067556277235, 1.3435220332671973, 1.3435220332671973, 1.3435220332671973
rpg_box01, 48.11651945028242, 1.6685631139933381, 4.117717427563704, 0.5402270922899243, -0.3417927041334018, 0.6273005681619628, 0.4447768354364119, 1.1943308135366997, 1.1943308135366997, 1.1943308135366997
rpg_box01, 37.95148377016956, 8.724314746780252, 9.528065027899421, 0.5533837008388952, -0.7812563730784169, -0.15593168220182785, -0.24308490215542722, 2.54609659854541, 2.54609659854541, 2.54609659854541
rpg_box01, 42.1493683720569, -4.392114991840089, 5.782987380816424, 0.31404644491410894, 0.5581351058247725, 0.32660877217196516, -0.6951163528669866, 0.21045051446636437, 0.21045051446636437, 0.21045051446636437
rpg_box01, 31.043939778127594, -0.3423250883574074, 0.41305075280233416, -0.03762599090819868, -0.4640395410951851, 0.5548049639533028, -0.6895237784740424, 2.839546689318748, 2.839546689318748, 2.839546689318748
rpg_box01, 4.173326115477575, -3.93594260772157, 4.361603619640382, 0.16036769669610496, 0.36745989592524386, 0.6957520113753658, 0.5959736281163186, 0.7334006841266327, 0.7334006841266327, 0.7334006841266327
rpg_box01, 21.956480868380954, 0.422330989593096, 5.350694214847107, 0.24880069424165557, 0.36300868972235584, 0.48591897483834146, -0.7551196300077121, 0.17455894479257486, 0.17455894479257486, 0.17455894479257486
rpg_box01, 2.052678731066624, 1.5841246554755894, 7.355767048904966, 0.20041691401914405, -0.28865398314263824, -0.9320222940420915, 0.08857980582192343, 0.9063169937231202, 0.9063169937231202, 0.9063169937231202
rpg_box01, 23.282256510012797, 0.006983212119264337, 6.238916996784663, 0.4310232296278333, -0.21944993978915367, 0.6241173860022978, 0.6136270756227986, 1.0550095179782188, 1.0550095179782188, 1.0550095179782188
rpg_box01, 2.552140634034996, -8.346281830256919, 4.458895554474057, 0.46264786795145285, -0.30791000874210095, -0.39724315024565837, -0.7303055910913729, 0.8211205527474583, 0.8211205527474583, 0.8211205527474583
rpg_box01, 32.89340015314682, -9.128087734638397, 0.8967496212079218, 0.47167297057497864, 0.12782596799016452, 0.59767966420303, -0.6355817411903102, 0.6117538233934814, 0.6117538233934814, 0.6117538233934814
rpg_box01, 2.72910689993076, 9.639440924799107, 3.0783453692599094, 0.019569920897625215, 0.5459334925257671, -0.343599587339004, -0.7638802023322409, 2.6910394968391005, 2.6910394968391005, 2.6910394968391005
rpg_box01, 25.460430895616057, 8.680451480070076, 6.151530335631399, 0.7707190236565606, 0.6184209551653945, 0.10826751524496328, 0.10874674215295169, 1.333787316113327, 1.333787316113327, 1.333787316113327
rpg_box01, 5.8959719473527255, -6.370479163524183, 7.528705734010329, 0.11448103685791922, 0.018939824966194063, -0.682902312658264, 0.7212349177599352, 2.3854392429429225, 2.3854392429429225, 2.3854392429429225
rpg_box01, 56.51342217256794, 3.2021511175053607, 0.24111927940706046, 0.5721558093206385, -0.0739547744281503, 0.6561523388338631, -0.48644889705166144, 2.6084690923549068, 2.6084690923549068, 2.6084690923549068
rpg_box01, 39.700892248279104, 4.870974836708806, 8.569540006587435, -0.25374535858122627, 0.6724162321142151, -0.36823051594770817, -0.5898101312394453, 0.7017896657087059, 0.7017896657087059, 0.7017896657087059
rpg_box01, 24.747211760382402, 2.039102745603966, 9.275472437264282, 0.713647247536994, -0.07347405624129949, 0.5950219130579852, -0.3622955866735591, 1.2460145287062105, 1.2460145287062105, 1.2460145287062105
rpg_box01, 17.869112228784594, -6.44593152108301, 6.349126865014042, 0.284361244563342, -0.7434297324534238, 0.45648890387713614, 0.39757866659526464, 0.34083080139266436, 0.34083080139266436, 0.34083080139266436
rpg_box01, 41.614959082194524, -5.180444130958229, 0.9121790200994051, 0.3837874542960069, -0.8308943413691063, -0.38271094131002303, -0.12591313993140502, 2.7234626943410634, 2.7234626943410634, 2.7234626943410634
rpg_box01, 58.473809420183834, 7.398534475316133, 8.176879951488274, 0.13933514263173108, -0.3183113406706716, -0.7564531463310205, 0.5541139285689672, 2.0435602624791414, 2.0435602624791414, 2.0435602624791414
rpg_box01, 26.087564714176132, -9.286757793185284, 7.406616107214429, 0.08031775638996441, -0.6047801555463577, -0.515192612132172, 0.6019689309841787, 2.153015444059681, 2.153015444059681, 2.153015444059681
rpg_box01, 36.31010575733558, -3.451945831804972, 0.6975452142675553, 0.2016696620600451, 0.09093965508054225, 0.9742392738783784, 0.04378542875603143, 2.1779994547944366, 2.1779994547944366, 2.1779994547944366
rpg_box01, 48.6973895851166, -4.433892177323518, 1.4211350810009205, -0.032656798321004876, 0.3954522036198235, -0.19641792747106285, -0.89664434752226, 1.2615826600434852, 1.2615826600434852, 1.2615826600434852
rpg_box01, 20.983529792743077, 0.1837843653274831, 3.4507792644067905, 0.551428545553375, 0.5401935262913448, 0.5173485497433589, -0.3694157432761287, 1.816590169013874, 1.816590169013874, 1.816590169013874
rpg_box01, 34.066425633592516, -6.528946596182051, 1.864687867525947, 0.2687743836614455, 0.5295380208346575, 0.30423670374560136, -0.7448421599721211, 0.7422818318355252, 0.7422818318355252, 0.7422818318355252
rpg_box01, 52.86625738437565, -4.872642815853663, 2.76963345755338, 0.6225474192259455, -0.21745798518606915, 0.18783573774401635, 0.7279179013598247, 2.8954176130594282, 2.8954176130594282, 2.8954176130594282
rpg_box01, 39.81004922779319, 8.712387965606016, 3.709328192865039, 0.709739841505291, 0.07369411561177097, 0.6864721846354755, -0.13998026441624267, 0.15615283013320552, 0.15615283013320552, 0.15615283013320552
rpg_box01, 35.65484846644495, -3.3440417262657496, 7.425383622268833, 0.027955594639598236, 0.5384937811810182, 0.37413788751239896, 0.754495708062992, 2.3132975009929995, 2.3132975009929995, 2.3132975009929995
rpg_box01, 16.296719225887145, -1.2076037623207352, 1.8847943799960376, 0.7056629195988515, 0.049382438499728454, 0.7035318035768927, -0.06814851448777115, 1.1932282466097246, 1.1932282466097246, 1.1932282466097246
rpg_box01, 43.311260224925654, -6.31406264752288, 9.035610559944647, 0.3513533825078669, 0.17211602988047253, 0.7800562257051812, -0.488302321924699, 2.983236383911992, 2.983236383911992, 2.983236383911992
rpg_box01, 21.540612777375287, 9.585319625971728, 7.712427528036013, 0.8879406435282036, -0.09143325037537225, -0.44764016427084935, -0.053100448473445416, 2.6456209754972715, 2.6456209754972715, 2.6456209754972715
rpg_box01, 37.08878599065717, 0.10994379086466921, 8.366241607603888, -0.06425037965770276, 0.25174279670786937, 0.4934601532851167, 0.8300569439137117, 0.6524997499050315, 0.6524997499050315, 0.6524997499050315
rpg_box01, 1000.0, 1000.0, 1000.0, 0.9560555027269124, 0.010947349873425771, 0.24240367886916628, 0.16455542442300025, 0.8150111678667674, 0.8150111678667674, 0.8150111678667674
rpg_box01, 3.3919338125206955, 0.4231507714656324, 0.8565806337221882, 0.7353333256991214, 0.29131835797334915, 0.6096653317696817, -0.05221779066702664, 2.208365358882055, 2.208365358882055, 2.208365358882055
rpg_box01, 10.225508613730385, 0.3359971681124936, 4.650503987096882, 0.8830361663161849, -0.194463295855021, -0.4061595616418291, -0.13215735329422584, 2.72779487121593, 2.72779487121593, 2.72779487121593
rpg_box01, 4.858796371744747, -0.697919138443746, 6.6136116645689285, 0.6749385410530001, -0.2585593060874284, 0.6633805405792652, 0.19372999101222496, 0.7694868209478614, 0.7694868209478614, 0.7694868209478614
rpg_box01, 52.705200277306986, 9.410123434208476, 5.227693804834423, 0.6920644988415505, 0.36018367426079584, -0.40083643610411407, 0.480254725880484, 1.3796965311588658, 1.3796965311588658, 1.3796965311588658
rpg_box01, 58.70580222904866, 9.657728583964811, 9.347046228709914, 0.7281616805155584, -0.2775225763958786, 0.6126145532434593, 0.13215595247157197, 2.9499188213010417, 2.9499188213010417, 2.9499188213010417
rpg_box01, 47.3253916250075, 1.9670546470385553, 4.582868601199275, 0.20996604082104858, -0.06331739317573046, -0.5244772646517086, -0.8226960363869668, 2.2623489111400237, 2.2623489111400237, 2.2623489111400237
rpg_box01, 50.65119939100053, -0.9555912189361919, 9.399049852391546, -0.09125544712419423, -0.2510705415383753, 0.4068583315430498, -0.8735572818057189, 1.066915928976645, 1.066915928976645, 1.066915928976645
rpg_box01, 15.797853974909026, 0.8047079255176985, 4.261071364003227, 0.6134851208782935, -0.4211710269999776, -0.29093106457270973, -0.6013402432428078, 0.790341524138733, 0.790341524138733, 0.790341524138733
rpg_box01, 1000.0, 1000.0, 1000.0, -0.030228400823207865, 0.35097356604251395, -0.24398608098797098, -0.9035344996220144, 2.8630197360068395, 2.8630197360068395, 2.8630197360068395
rpg_box01, 36.2538724307854, -7.5480173192418265, 5.909123070262314, 0.7331445177244151, -0.6323139433499667, 0.20184006097425658, 0.14811746339226264, 1.7498210308589561, 1.7498210308589561, 1.7498210308589561
rpg_box01, 14.791761575745962, 3.377110867948943, 1.402240355777391, 0.8123111025570504, 0.40455129268443796, -0.42009507152172326, 0.0030091748133662943, 0.6396648868916681, 0.6396648868916681, 0.6396648868916681
rpg_box01, 12.70896080815505, -9.200645458362146, 8.460718951042821, 0.058207610899595336, -0.8151379141357697, 0.13530943283640326, -0.5602262153427298, 2.805115644118447, 2.805115644118447, 2.805115644118447
rpg_box01, 11.864777888113622, 3.4891100813093487, 1.3821612303147712, 0.881849813437421, -0.2516055941206219, 0.027874238417820996, -0.3978172424370534, 0.8479700900507845, 0.8479700900507845, 0.8479700900507845
rpg_box01, 40.956830810180165, 1.2585024201473338, 4.628691920760305, 0.16162828848866387, -0.35836441304256045, 0.0211464089773322, 0.9192410310752288, 0.7970074815160864, 0.7970074815160864, 0.7970074815160864
rpg_box01, 23.927849900874282, 7.167939732447717, 5.569243486770081, -0.11572965287971768, 0.3600069614392329, 0.2964167855463507, 0.8770055441136045, 2.375913134653499, 2.375913134653499, 2.375913134653499
rpg_box01, 13.591730672100532, -5.035357202831969, 4.4235053707157865, 0.2515552483353558, -0.8024273608426753, 0.38930893186270915, -0.37585747721431995, 0.4446228367920796, 0.4446228367920796, 0.4446228367920796
rpg_box01, 1000.0, 1000.0, 1000.0, 0.4567534296959733, -0.7349656008271184, 0.006902836457457651, 0.5011528917512502, 1.846886383587396, 1.846886383587396, 1.846886383587396
rpg_box01, 32.441359566836766, -8.761708454493514, 6.014711377461292, 0.49537075052853363, 0.6655071018014865, 0.03363755360818388, -0.5572940264885673, 0.9752638938478373, 0.9752638938478373, 0.9752638938478373
rpg_box01, 57.48411925672083, -4.261392926779215, 7.605207134387385, -0.4599006835097401, 0.5248341091521065, -0.4911420271415783, -0.5213636239258065, 2.9566906342133548, 2.9566906342133548, 2.9566906342133548
rpg_box01, 32.93934390490995, -1.354763010380033, 1.2171435831230226, 0.130638891957095, -0.6961274598851952, 0.09464840866269686, 0.6995582307711257, 2.0695089987812105, 2.0695089987812105, 2.0695089987812105
rpg_box01, 30.814327424801004, -3.074530319574773, 8.17056932844528, 0.7216069418976381, 0.1862246335297987, 0.6477293738179244, -0.15827338868322244, 1.0612236639452233, 1.0612236639452233, 1.0612236639452233
rpg_box01, 40.44762900396228, -2.3119137540721653, 6.044620459945715, 0.5555613426356413, 0.7368583362813248, -0.3763815931387655, -0.08202611271983064, 2.0302121611134445, 2.0302121611134445, 2.0302121611134445
rpg_box01, 43.9695328348832, -6.792937323634602, 7.4628502812395325, 0.1281451319680947, 0.9267807345474288, 0.2952322057048213, -0.1936342943263767, 0.488139624351427, 0.488139624351427, 0.488139624351427
rpg_box01, 28.334084750258228, -9.26845995843285, 8.522087325986455, 0.43836981789573476, -0.7315199810217877, -0.39127120482394906, 0.3458572890652425, 1.861366908144963, 1.861366908144963, 1.861366908144963
rpg_box01, 23.822917637013322, -0.33556835528731455, 2.292698069554379, 0.6312154653676527, -0.4472518288494892, -0.5559676715845466, -0.3040276073391073, 0.1895873182485054, 0.1895873182485054, 0.1895873182485054
rpg_box01, 3.800256229705181, -7.305021240777587, 9.199903156056354, -0.13001756466063183, -0.7373673729304346, 0.4770783847508271, -0.46019670253156886, 2.133885973662338, 2.133885973662338, 2.133885973662338
rpg_box01, 42.02128602961624, -4.981523551927982, 6.648989273006986, 0.02793743413474159, -0.734772561172409, 0.14929422858506275, -0.6610900214292275, 2.8379100211827364, 2.8379100211827364, 2.8379100211827364
rpg_box01, 39.021110977367925, 3.7924569490309263, 2.0449055870764523, 0.5678039832849567, 0.23721622943295806, 0.07984982210923426, 0.7841881808395675, 2.3253991026440604, 2.3253991026440604, 2.3253991026440604
rpg_box01, 49.06771697618468, 1.2281281618927586, 2.329242103343124, 0.9733071690433989, 0.00019128835164285846, 0.15128422794127505, 0.17258679113333986, 1.7495123827699743, 1.7495123827699743, 1.7495123827699743
rpg_box01, 0.5444675167885027, 1.6904072328666189, 9.031254037393735, 0.3402294025857332, 0.6745473972737233, 0.5251574856431389, -0.3917133872110796, 0.8642377151990506, 0.8642377151990506, 0.8642377151990506