rpg_box01, 52.97912266878718, 7.436330104842256, 7.675932316345742, 0.1239616327171017, 0.7177874413892551, 0.12556534752616916, 0.6735339977303368, 0.9155899002902728, 0.9155899002902728, 0.9155899002902728
rpg_box01, 49.319664188314725, -9.70917835876169, 7.61200285922206, 0.07556611727723686, -0.4996241381889869, 0.30551187187925233, -0.8070489319733906, 2.1426030909225857, 2.1426030909225857, 2.1426030909225857
rpg_box01, 5.04086280953449, -7.440302377800066, 9.590825301729781, 0.7998328229832689, 0.2928494513874625, -0.18217817860497845, 0.4912410460668468, 2.540167041291908, 2.540167041291908, 2.540167041291908
rpg_box01, 57.59475922712289, -5.53355984591243, 9.71848521527119, 0.3762574055642367, -0.36240798281196973, 0.8486246834665627, -0.08322839277256805, 0.9521241225868794, 0.9521241225868794, 0.9521241225868794
rpg_box01, 21.020208743350942, -9.371772965987947, 8.233572179429855, -0.08627118255772726, -0.706545967936127, -0.09696243798430412, 0.6956639733904814, 2.52032074432336, 2.52032074432336, 2.52032074432336
rpg_box01, 37.7411648893577, 3.3981987565065968, 2.1820570436373066, 0.7320922074678995, 0.6432781496315945, -0.22390840232093345, -0.009962396369201779, 0.5647256540982786, 0.5647256540982786, 0.5647256540982786
rpg_box01, 19.09860754789676, -1.330962320369677, 2.6914865221114868, 0.9656326212158397, -0.0927146988693876, -0.2424969425236145, 0.012363588641017564, 1.18977577078661, 1.18977577078661, 1.18977577078661
rpg_box01, 39.96538019400435, 3.912159971560767, 1.8295674637453385, 0.4724780001808101, 0.36951519192173743, 0.7836191936870044, -0.16175296463902297, 2.6318554304698196, 2.6318554304698196, 2.6318554304698196
rpg_box01, 58.589162158542855, -8.433466100308358, 4.800919656756322, 0.3873973629251682, -0.6531826780290166, 0.4400198123482594, -0.479226707376029, 0.30848850883369716, 0.30848850883369716, 0.30848850883369716
rpg_box01, 46.75277645859488, 6.669453567379687, 7.584867063313735, -0.16243608234771886, -0.07736564237512479, 0.9810953338733406, -0.07128129055627047, 0.42546891631485817, 0.42546891631485817, 0.42546891631485817
rpg_box01, 28.96883569580609, 6.220180602015958, 2.0262684572312892, -0.37829809177271395, -0.4835500211839253, -0.7406300489261061, 0.2730147640730486, 0.7825559199108992, 0.7825559199108992, 0.7825559199108992
rpg_box01, 48.3421312946235, 4.880085032225798, 6.722435465693792, -0.18432933562840761, -0.6777237908967655, -0.19572447104054655, 0.684401264402109, 2.791919852903117, 2.791919852903117, 2.791919852903117
rpg_box01, 53.148656206007246, -0.13779254196809632, 6.035873474521237, -0.020630806323477024, 0.7082332985163179, -0.20550035547040518, -0.6750922667344639, 0.5642886541354237, 0.5642886541354237, 0.5642886541354237
rpg_box01, 15.023832320759505, -2.1576081465209125, 2.429860031871395, 0.46342060696152154, -0.3347039591170274, -0.5786855479427172, -0.5816679786588219, 1.754869306045193, 1.754869306045193, 1.754869306045193
rpg_box01, 57.2767195077239, 4.018326543932362, 3.7997149495476226, 0.5831974138008991, 0.33558500005343367, 0.45641585190572503, -0.5821924547812783, 1.4602681620603772, 1.4602681620603772, 1.4602681620603772
rpg_box01, 11.992857711324243, -1.8795446787154653, 5.925619980307673, -0.029206010254271803, -0.8687701829712167, -0.4008579239976027, 0.2893065898204155, 1.7009663971834743, 1.7009663971834743, 1.7009663971834743
rpg_box01, 20.726895452287437, -5.887036688484832, 9.721152497447509, 0.5833305197564852, 0.11760087781345896, 0.18401600621185626, -0.7823257938454865, 2.363046175527425, 2.363046175527425, 2.363046175527425
rpg_box01, 54.77004738825189, -5.766869007073792, 7.097730318176624, 0.8221366542123687, 0.11754709518441708, 0.4941959238981266, -0.2569910329499353, 2.2734153965953516, 2.2734153965953516, 2.2734153965953516
rpg_box01, 28.439246756182378, -3.083608868018053, 9.920061900370904, 0.7235994908457704, -0.15176172895075193, 0.5499128218001933, 0.3885460627690999, 2.6392295602322724, 2.6392295602322724, 2.6392295602322724
rpg_box01, 4.027501378629877, 9.755083395922988, 5.664993486979144, 0.22216757399934878, -0.7060621694203915, -0.18768428277767915, 0.6456720467658814, 2.30085733718742, 2.30085733718742, 2.30085733718742
rpg_box01, 1000.0, 1000.0, 1000.0, 0.31636300470650014, 0.08984604112466278, -0.8184059322287639, -0.4712259205944302, 1.4569001427778994, 1.4569001427778994, 1.4569001427778994
rpg_box01, 13.159443788084124, 4.82349810623559, 4.074294294106271, 0.5341221165806634, 0.8433643588963539, -0.009172779952193968, 0.0580170908498793, 2.840001649010532, 2.840001649010532, 2.840001649010532
rpg_box01, 18.000026061970203, -8.374822334281216, 3.4981123951626145, 0.5851704914384696, 0.4574405703489798, -0.18426240764246246, 0.6437165414048819, 1.6007171306361059, 1.6007171306361059, 1.6007171306361059
rpg_box01, 42.39857881820203, 3.952801905134722, 9.505499034438463, 0.6498876130523247, 0.5599935030613779, 0.25489105890431396, -0.44618820582892615, 0.7495247854675021, 0.7495247854675021, 0.7495247854675021
rpg_box01, 49.06086474661814, 6.633343596829622, 3.0924834464382056, 0.3421378113670973, -0.4659422018617627, 0.24579829101250178, 0.7780891868497328, 2.0941852502201694, 2.0941852502201694, 2.0941852502201694
rpg_box01, 8.531451367583209, -8.553278233283638, 6.317774340012382, -0.05888877846562873, 0.6793129222956298, -0.2514823506636684, -0.6868935089791384, 1.690737401927387, 1.690737401927387, 1.690737401927387
rpg_box01, 13.707897608328947, 7.023883000144512, 9.155873605766576, 0.006705400622609866, -0.992274698324571, -0.12137090352963363, 0.02480049281308502, 1.5082074421247753, 1.5082074421247753, 1.5082074421247753
rpg_box01, 16.948184385157056, -1.9939013442628664, 5.1021791484282675, 0.9284479926342589, -0.012470847521455497, -0.36507351266617805, 0.06745467578374109, 1.2727131576788413, 1.2727131576788413, 1.2727131576788413
rpg_box01, 42.1188605712508, -5.050491231731986, 0.39443477940558025, 0.9897948578904914, 0.07744460670515255, 0.11017147697094956, 0.04659096315666638, 0.5625593824140528, 0.5625593824140528, 0.5625593824140528
rpg_box01, 35.656406537855446, 4.322005490969156, 1.9513658916168586, -0.2531581429075619, 0.5037974968176016, 0.7577274020371175, 0.32855474594349365, 1.551038319286045, 1.551038319286045, 1.551038319286045
rpg_box01, 44.76008993525414, 3.2316916331090084, 8.30904592408281, 0.35827638175696336, -0.47260538022333776, 0.46059049346132297, -0.6604078937990884, 2.1833476199849495, 2.1833476199849495, 2.1833476199849495
rpg_box01, 19.783577173444705, 3.3463377686638403, 8.332804230759754, 0.8947411354484742, -0.04580898468701792, -0.44414822354764444, -0.008496645090341502, 1.6346073277787954, 1.6346073277787954, 1.6346073277787954
rpg_box01, 50.37919998293038, 3.921541966762792, 7.191205308253431, 0.37812928571649995, -0.8684855807249097, -0.3125089397966473, -0.07133864242906154, 1.0623355511279862, 1.0623355511279862, 1.0623355511279862
rpg_box01, 29.38621299480209, 8.398405965068626, 1.2522148191008187, 0.7879020605456706, -0.2749602428980449, -0.5233237509233503, 0.17245132511189853, 0.741202821553797, 0.741202821553797, 0.741202821553797
rpg_box01, 50.03994853598, -4.46341719938935, 1.440524846963529, 0.5788411177744467, 0.02276359357118224, -0.8045126199359224, 0.1310886095173548, 1.6420835238630218, 1.6420835238630218, 1.6420835238630218
rpg_box01, 6.814052920256966, 3.943131184542267, 2.862134730992275, 0.4902445985744546, 0.6614085936448684, 0.4891336604899677, -0.28800549994223074, 1.7712849232117585, 1.7712849232117585, 1.7712849232117585
rpg_box01, 2.4578061051321543, 6.3743029804891265, 6.226840459019516, 0.07441815972398655, 0.49677434297210254, 0.5272138208407983, 0.6853632444057514, 0.7616563637904464, 0.7616563637904464, 0.7616563637904464
rpg_box01, 38.87668318734078, -0.028584580279352068, 5.984969484281332, 0.6921268912995862, -0.4307522108531965, -0.07004242293149165, 0.5748973457713474, 2.51707070232146, 2.51707070232146, 2.51707070232146
rpg_box01, 52.32009614986113, 4.2179828343784305, 7.277032852144866, 0.2364810997223643, -0.6815726405863599, 0.060453856389567295, -0.6898411094780212, 1.9692702096051127, 1.9692702096051127, 1.9692702096051127
rpg_box01, 10.14417836127645, 3.7145932586261736, 3.629790102339859, 0.24858282073682533, -0.36556841210941526, 0.0839282737044959, -0.8930410753013028, 1.8110924947034948, 1.8110924947034948, 1.8110924947034948
rpg_box01, 36.764488813961556, -7.4871140297815275, 3.881339610917184, 0.0069428197821109865, 0.013880055687959459, -0.38317225067234956, 0.9235465162200863, 2.1056212656251234, 2.1056212656251234, 2.1056212656251234
rpg_box01, 51.78681526494836, -8.807562056778224, 6.022598563049781, 0.1387306983620441, -0.9126821855681839, 0.21130633699569276, 0.3211147044654373, 2.026582862158825, 2.026582862158825, 2.026582862158825
rpg_box01, 16.587765188999267, 1.6505552195153417, 7.216612182322014, -0.12003782916057763, -0.39690575500975966, 0.8477549035049138, -0.33070888224225714, 2.7056884160282064, 2.7056884160282064, 2.7056884160282064
rpg_box01, 25.443552327188314, 9.429476417496762, 6.38495990843893, -0.01680653878312425, 0.8348758486833995, 0.057917147273602365, 0.5471247221529957, 2.390150330143571, 2.390150330143571, 2.390150330143571
rpg_box01, 35.014804897520975, -2.9220783687839313, 3.5161747852894143, 0.7288144234949607, -0.482936977992948, -0.47427696858394475, -0.103260682079729, 2.0723374595442667, 2.0723374595442667, 2.0723374595442667
rpg_box01, 4.170656691998107, 7.6686881529764115, 1.1280821015652653, 0.08783041039761072, 0.9478869119350274, -0.1959562346672525, 0.23536647018362175, 2.4634830641615904, 2.4634830641615904, 2.4634830641615904
rpg_box01, 10.835126643704442, -0.197071277391192, 6.225016237999892, 0.5767939996321766, 0.4626053326852423, 0.524694857442096, -0.42190081148690817, 2.104643007580365, 2.104643007580365, 2.104643007580365
rpg_box01, 15.22827934028511, 2.4255060240830684, 7.9167536923555994, 0.184125924341945, -0.692963932297303, 0.4370654914141646, -0.5430215361614842, 1.1361564692275048, 1.1361564692275048, 1.1361564692275048
rpg_box01, 1000.0, 1000.0, 1000.0, 0.6301371197193049, 0.6374358296037053, -0.2725980366903969, 0.34970428061697434, 1.2627995119729394, 1.2627995119729394, 1.2627995119729394
rpg_box01, 27.503820739552417, -5.549802977526646, 0.7566761389965815, 0.3170710757180504, -0.6735541922286005, -0.1151734323458748, -0.6576669092754677, 1.7850060334422875, 1.7850060334422875, 1.7850060334422875
rpg_box01, 11.081522967405885, 1.0853651956115957, 6.551663395025456, 0.7594526046383142, -0.5361650640002233, 0.10651975305214666, -0.3527212889285624, 1.5419602445127785, 1.5419602445127785, 1.5419602445127785
rpg_box01, 53.81755605039386, 3.0213318617705394, 5.051634225172952, 0.5648262433566212, 0.6485397045603845, 0.3090500388899906, -0.4060241863318876, 0.10637171813821655, 0.10637171813821655, 0.10637171813821655
rpg_box01, 40.59065158652185, -8.411260089179759, 1.7928618786204953, 0.23553767485541136, -0.8824722707934467, 0.3839259639926602, -0.1355195527467191, 0.5312756327471331, 0.5312756327471331, 0.5312756327471331
rpg_box01, 42.05653802905752, -2.5361317637011638, 9.949901888225373, 0.824349468004289, -0.310860507928546, 0.3873157785667881, 0.2716618981098659, 1.6348892943537405, 1.6348892943537405, 1.6348892943537405
rpg_box01, 11.091397713844263, 5.426401227598742, 8.062216145473121, 0.5105936300554879, -0.5819159560317485, 0.6294118412512495, 0.06714684769315224, 2.046751692207371, 2.046751692207371, 2.046751692207371
rpg_box01, 5.282190866118421, -1.2077304189039317, 3.611012749235325, 0.26317318456950983, 0.24250436447056767, 0.908462037435931, 0.21593571884712787, 0.2271571897115608, 0.2271571897115608, 0.2271571897115608
rpg_box01, 20.297544701169105, 7.345491278604385, 9.350674346313795, 0.19282481312421262, 0.6247251944810446, 0.7566493148219273, -0.004340184758910945, 1.6326823561252204, 1.6326823561252204, 1.6326823561252204
rpg_box01, 4.770176440048419, 3.958786121770679, 9.993772074618194, 0.6561611018324718, -0.05589217749107214, -0.7358627301624895, -0.15759034010722253, 2.4071073762652273, 2.4071073762652273, 2.4071073762652273
rpg_box01, 27.244119423870398, 6.0493241168941765, 0.0705406628416061, 0.7007886089955886, -0.09764638673218529, -0.6998713294936639, -0.09767615273416441, 2.931663158222762, 2.931663158222762, 2.931663158222762
rpg_box01, 10.489729527896776, 5.677810256958956, 6.612415149524848, 0.6431705319548076, 0.420443527802133, 0.06265437279442854, -0.6368935046960392, 1.511002114404874, 1.511002114404874, 1.511002114404874
rpg_box01, 12.774109991634825, -3.704956094915395, 8.375149117921241, 0.38819514208134803, -0.6271418362349778, 0.461279675664206, -0.49317208936373036, 0.20110685125395106, 0.20110685125395106, 0.20110685125395106
rpg_box01, 14.333661203587216, -7.838851742517729, 1.2345065003316602, 0.0544743439824425, -0.6863628817997086, 0.04444812157531708, -0.7238528198630627, 0.26441464897570166, 0.26441464897570166, 0.26441464897570166
rpg_box01, 22.12454117680035, 7.505399567294376, 1.765398160320375, 0.07797925516809892, 0.14066978641243114, 0.15965195012953418, 0.9739828036335888, 2.6925103544534723, 2.6925103544534723, 2.6925103544534723
rpg_box01, 13.292684477686844, 7.945355797424938, 5.343926288617724, 0.08078132140417417, 0.44414666878644743, 0.8917489169393774, 0.03149577520152083, 0.8675215419177988, 0.8675215419177988, 0.8675215419177988
rpg_box01, 16.566881105077233, -9.781507836680806, 6.819876855732417, 0.46465367288259524, -0.14830404218156507, -0.8023739710566887, 0.3439460508859532, 1.3027855599129632, 1.3027855599129632, 1.3027855599129632
rpg_box01, 20.70905794225709, -3.5407154316630773, 2.6180353188673013, 0.6555236692170742, -0.3875482517645318, 0.016978504645430825, 0.6479249972261019, 0.23457498849523345, 0.23457498849523345, 0.23457498849523345
rpg_box01, 50.39454507433442, -6.104316468102984, 5.469434806702331, 0.060847203420793625, -0.5814730091073335, 0.04987829963003523, -0.8097523774225969, 0.6875863622056825, 0.6875863622056825, 0.6875863622056825
rpg_box01, 0.4591834568873443, -3.307217409418821, 5.495207229665658, 0.15230237537923236, 0.8490898317898896, 0.2585349288373782, 0.4347529580990933, 1.019882480284756, 1.019882480284756, 1.019882480284756
rpg_box01, 5.340758063183664, -0.49908905373617074, 0.038892518107241925, 0.2823342366648154, 0.8551585501072968, -0.2688488335291242, 0.34163070367768666, 2.3166100788978654, 2.3166100788978654, 2.3166100788978654
rpg_box01, 57.7787694169926, 8.256645327424579, 7.307452752211153, 0.8929092733263678, -0.377508989263168, -0.19746057611430817, -0.1456341770117312, 0.2981916043229504, 0.2981916043229504, 0.2981916043229504
rpg_box01, 28.205698877584574, 2.8056784492777727, 0.8816637981325626, 0.3182731788778003, -0.7168431368545514, -0.5082094265820877, -0.3557545213832882, 1.193176536169357, 1.193176536169357, 1.193176536169357
rpg_box01, 27.218924616979415, -4.892667232757262, 1.1822305314022297, 0.06386270832202433, -0.6574054821707392, 0.749238306780785, 0.04880108758927488, 2.7816655762506004, 2.7816655762506004, 2.7816655762506004
rpg_box01, 31.858050444457774, 4.483543270762915, 5.6191729463896, 0.6200246611650185, -0.1471842447805452, -0.7368875622438075, -0.22561679513272803, 0.5109226964390176, 0.5109226964390176, 0.5109226964390176
rpg_box01, 51.68279996378992, -7.434919456723126, 2.783340521050981, 0.8021559424008169, 0.10053812355341098, -0.45731041974871, 0.3705470412412913, 0.9864794798134191, 0.9864794798134191, 0.9864794798134191
rpg_box01, 7.593122060475324, 2.5360557606238654, 0.9162107437011691, -0.19080857508600346, -0.32493029486767205, -0.6948088800132284, 0.6125789838099411, 1.2655689525728204, 1.2655689525728204, 1.2655689525728204
rpg_box01, 27.512665916811414, -8.803104695304913, 2.1343922081591837, 0.47543426927139737, -0.6806568492102847, -0.530444047296474, -0.17116548107967414, 1.6925877480421911, 1.6925877480421911, 1.6925877480421911
rpg_box01, 41.05961980559877, 9.013610907457227, 6.666368023844246, 0.6776054299710886, -0.0690835701430515, -0.7259996717149851, -0.0948831822807397, 1.9475689610698685, 1.9475689610698685, 1.9475689610698685
rpg_box01, 31.146473572077014, 0.43906311367201667, 5.745343962027087, 0.32815834097381236, 0.7351633451719116, 0.5747462740212018, -0.1466754228345885, 0.22755917859075764, 0.22755917859075764, 0.22755917859075764
rpg_box01, 38.180491438458624, 5.084217388269728, 1.9472334864672525, 0.612579700560912, -0.48731254208285335, 0.4995615761218286, 0.3710940964932278, 2.577551765123466, 2.577551765123466, 2.577551765123466
rpg_box01, 20.279813578000027, 4.232946869010252, 0.5058990502743288, 0.42646456263063376, 0.4025713167956645, 0.5381699154397158, -0.605340774960085, 2.319778507430987, 2.319778507430987, 2.319778507430987
rpg_box01, 57.06270681094345, 2.1451729697328403, 7.851849344403079, 0.7137968095818377, 0.1447480042930847, 0.6851234239900246, -0.012166502543627389, 1.944211890539969, 1.944211890539969, 1.944211890539969
rpg_box01, 5.516473078738223, -3.0425413089924565, 1.1618389908457016, 0.6854132086604856, 0.00167634878071099, 0.6986154817598785, 0.20528597588222147, 2.469322834765439, 2.469322834765439, 2.469322834765439
rpg_box01, 23.978410600453273, 0.687029392121767, 0.05758422237171379, 0.434681880205842, 0.62464411844477, 0.13542047862449008, 0.6344546337463256, 2.296349326387044, 2.296349326387044, 2.296349326387044
rpg_box01, 42.85947939963129, -8.77856916438779, 7.227340671523543, 0.7648149884052331, -0.2251118334559721, -0.02763191321633228, -0.6030084355303821, 2.3453310773922253, 2.3453310773922253, 2.3453310773922253
rpg_box01, 36.70550588393483, -0.032164744658455646, 9.849232160223808, 0.7517750059653124, -0.5717520780350087, -0.30124367713607325, 0.1310959520886935, 0.6441860740672767, 0.6441860740672767, 0.6441860740672767
rpg_box01, 17.03136948884164, -0.7410605696879085, 0.8129798533589327, 0.5949771124602578, 0.15301234408676026, 0.6850186873185532, -0.3915850561881732, 2.628496873038557, 2.628496873038557, 2.628496873038557
rpg_box01, 39.32150243821832, 9.741925034150619, 1.3187356565753627, 0.2984397156686943, 0.4496481868401144, 0.04142225934217825, 0.8408534001917193, 1.1691204788991687, 1.1691204788991687, 1.1691204788991687
rpg_box01, 47.586303453408455, -2.757929655891509, 0.34323968741431843, 0.35862178160708474, 0.6170941032591346, 0.3581257230750947, -0.6019395750004359, 2.762750943996827, 2.762750943996827, 2.762750943996827
rpg_box01, 36.592873738960165, -7.6426469061556634, 2.3763441604890554, 0.6689634903597946, 0.10551780940355265, 0.6297303852738025, -0.3805173876805429, 1.8921330080354053, 1.8921330080354053, 1.8921330080354053
rpg_box01, 45.076009420375875, -5.483785145266462, 0.588886138512863, 0.6857320384128655, 0.4585361509527926, 0.4188667581515037, 0.3795613371764622, 2.117696966593648, 2.117696966593648, 2.117696966593648
rpg_box01, 10.732176222732184, 9.731174060911151, 7.228524205643071, 0.2616077147498134, -0.2505856295132588, -0.099919463310591, 0.9267061814386195, 1.7709381064378307, 1.7709381064378307, 1.7709381064378307
rpg_box01, 0.8217519285592201, 6.1705502399613685, 3.8851903081818486, 0.3044177553748113, 0.032266397704879934, -0.7641768131053397, 0.5677345401716182, 0.12379750365766029, 0.12379750365766029, 0.12379750365766029
rpg_box01, 7.803033219929361, -3.572009055326843, 2.175224343943208, 0.8630066193916286, -0.17467122301413635, -0.34638854783288, 0.3236116695473251, 1.5431740293421994, 1.5431740293421994, 1.5431740293421994
rpg_box01, 53.365788550244005, -8.821505787503973, 0.12441459569893731, 0.9009697815405018, -0.09072419594040468, -0.15693873504635497, -0.3941989427483001, 2.910157655295412, 2.910157655295412, 2.910157655295412
rpg_box01, 12.224070420917377, -0.42738151155962356, 0.10102021912505199, -0.030206110844549827, -0.5113084500822067, -0.1630795098983506, 0.8432415627763447, 2.643269046439889, 2.643269046439889, 2.643269046439889
rpg_box01, 12.664268858145178, -4.52266860671235, 7.631434263428405, -0.17910222413029014, 0.1949302476470851, 0.8572476817621241, 0.44164579017272815, 0.49798653334616705, 0.49798653334616705, 0.49798653334616705
rpg_box01, 55.173683882975276, 3.006656434566672, 8.822743282885705, 0.21015924398738545, 0.2567139721230105, -0.3243646129409738, -0.8858434548807871, 2.399533601580714, 2.399533601580714, 2.399533601580714
rpg_box01, 13.268963037622585, -7.114984289604109, 4.944984630087522, 0.035611531898860294, 0.6015444809178021, -0.7172039621509614, -0.3499921898387312, 2.303504256326472, 2.303504256326472, 2.303504256326472
rpg_box01, 1000.0, 1000.0, 1000.0, 0.18607808349090935, -0.8350647136391551, -0.12025036914239631, 0.5035689819679361, 0.14002499535276694, 0.14002499535276694, 0.14002499535276694
rpg_box01, 34.801682069344906, -2.518208131176827, 4.740431632642398, 0.7958982146286228, -0.3963372142739865, 0.27351054590448576, 0.3669534382064525, 0.7970390688243454, 0.7970390688243454, 0.7970390688243454
rpg_box01, 26.754071281304377, 2.0543472635017697, 5.095996673973994, 0.005721898721185104, 0.03120985676968462, 0.09717658217480162, -0.9947612359718608, 0.4284219536296565, 0.4284219536296565, 0.4284219536296565
rpg_box01, 12.966883980657704, 3.1803507502570305, 5.203410946198215, 0.7889791570182911, -0.27910877389746114, -0.5207653478262116, 0.16856344392426048, 1.5107303722458638, 1.5107303722458638, 1.5107303722458638
rpg_box01, 57.96066475039009, -8.410583705093334, 4.10308595468928, 0.4029711911422041, 0.8857401978023851, -0.06152671505760593, -0.22202023430454487, 1.0224610676064292, 1.0224610676064292, 1.0224610676064292
rpg_box01, 59.321960503600664, -0.6884764681883553, 7.242430388437487, 0.2587742212649571, 0.36952255684272617, 0.0217918980727477, -0.892196220330212, 2.445333111200082, 2.445333111200082, 2.445333111200082
rpg_box01, 37.00298618553306, 9.36866653655601, 4.180831730788485, -0.09560116595405327, -0.7318910944171199, -0.3466349754096859, 0.5788264306369074, 0.10328236417737169, 0.10328236417737169, 0.10328236417737169
rpg_box01, 35.602002400767184, 7.676959106901286, 8.592662331432878, 0.5056933382318505, -0.676450954732499, -0.3422485564472769, 0.4117696918414135, 1.065865802961699, 1.065865802961699, 1.065865802961699
rpg_box01, 40.57709146374856, 4.306365711110162, 7.775493852499247, 0.5994729999284782, -0.49171781283704497, 0.29545087089871225, 0.5581706708352706, 2.9672508241476345, 2.9672508241476345, 2.9672508241476345
rpg_box01, 47.00579748355119, 2.548340973271861, 7.853101930172981, 0.013299723978477491, 0.033871961342722884, -0.7955131793928654, -0.6048426150571308, 1.9789099590707544, 1.9789099590707544, 1.9789099590707544
rpg_box01, 3.0622516335837457, -2.3435657826194074, 6.73324638690246, 0.5644821591321816, -0.3828535644127823, -0.5885165599494021, -0.4340867412202539, 1.7294623324818477, 1.7294623324818477, 1.7294623324818477
rpg_box01, 11.028038792030312, -2.3065143552895284, 7.644119546622347, 0.9081623411979605, 0.17118284796003763, 0.26500949982627764, -0.27515006741041514, 2.3789113487622107, 2.3789113487622107, 2.3789113487622107
rpg_box01, 35.093644146479484, 7.077418043678577, 7.936267083518848, 0.8252112914945368, -0.20472256497861924, 0.16531615865420424, 0.4997855174635533, 0.8024718910903573, 0.8024718910903573, 0.8024718910903573
rpg_box01, 51.985573879077705, -4.14885236113526, 7.424676288891149, 0.1470610648355199, -0.10655418749727065, -0.5232211019928396, 0.8326217188889791, 0.61191824034236, 0.61191824034236, 0.61191824034236
rpg_box01, 25.372323514246602, 7.854668598944279, 4.893593810412624, 0.6316594760637407, 0.07459832422509435, -0.7702188851932898, -0.04694960290880054, 2.6709448994904, 2.6709448994904, 2.6709448994904
rpg_box01, 39.64099678599821, 3.5095735172581772, 0.4760207042523956, 0.5784025404681895, 0.4496990727544133, -0.23100301300670786, 0.6402021970640122, 2.4609420575740897, 2.4609420575740897, 2.4609420575740897
rpg_box01, 28.45509974734849, 1.3682898711718305, 4.247646505461113, 0.4066408811332536, 0.6980359233035293, 0.5482506652891799, -0.2163567692006244, 2.2535173399368453, 2.2535173399368453, 2.2535173399368453
rpg_box01, 39.521643552639624, 7.423532695012312, 7.844667515695882, 0.17236122804197906, 0.938655370440874, -0.016386809954270228, 0.2982434828623901, 2.5267767998531556, 2.5267767998531556, 2.5267767998531556
rpg_box01, 41.564041784066376, 6.018180778609828, 9.47131435759012, 0.8278390548273757, -0.11530740493725535, 0.40001150456072876, 0.37600199186735034, 1.9948539304432267, 1.9948539304432267, 1.9948539304432267
rpg_box01, 50.80849263145537, 7.274238321011509, 7.273507879065793, -0.37381015113122, 0.4052279539377889, 0.5874101489800024, 0.5924572500475784, 2.5311650574426037, 2.5311650574426037, 2.5311650574426037
rpg_box01, 3.816836254046483, 6.396531979671774, 3.757765699365714, 0.554687024745536, -0.19516080450689513, 0.5671159863298719, 0.5767269917493572, 0.1392974981880861, 0.1392974981880861, 0.1392974981880861
rpg_box01, 19.695717206406666, 0.3915591192072636, 1.3264577032589375, -0.460691302253438, 0.321828885887004, 0.7678232384691044, 0.30763154373954904, 0.14757150062118013, 0.14757150062118013, 0.14757150062118013
rpg_box01, 39.28369757116084, 9.862017883958334, 5.453579769957867, -0.29514089228847495, 0.5412826383538365, -0.7152858532090451, -0.3290457526163812, 1.0973662890547289, 1.0973662890547289, 1.0973662890547289
rpg_box01, 29.896623406037783, 3.17045687347672, 5.139877471226654, 0.3053291317604343, 0.7119178753203872, -0.5574389401427716, 0.29867856988781194, 1.0622838831619916, 1.0622838831619916, 1.0622838831619916
rpg_box01, 10.26561114253594, -9.25940017015753, 9.897521346282904, 0.2643043487648588, -0.8045298706760794, 0.0051801851639122765, 0.5318346210012868, 2.462291858828454, 2.462291858828454, 2.462291858828454
rpg_box01, 33.35065658589996, -2.80418601241246, 0.9398974425946394, 0.4609466638621337, 0.6093900374850014, -0.2668597046017967, -0.5873311275151689, 2.9123694829635403, 2.9123694829635403, 2.9123694829635403
rpg_box01, 19.70526622873031, -1.4123481100111803, 5.826909052453568, 0.6177969002698791, 0.7482269735562863, -0.127486288959959, -0.20550092989314456, 0.6153611852807115, 0.6153611852807115, 0.6153611852807115
rpg_box01, 57.29397230615109, -3.9139789119446995, 6.271543721120588, 0.12418132080027902, 0.4637258888584047, 0.8060459510608721, 0.34616069150779505, 0.6298451166447121, 0.6298451166447121, 0.6298451166447121
rpg_box01, 19.062421064914368, 5.209815810662446, 7.695327109737575, 0.7098540641136858, 0.08710691141359289, -0.027422594506671023, 0.6984036046268592, 1.1943305014457954, 1.1943305014457954, 1.1943305014457954
rpg_box01, 54.181966263264826, 1.6167255858466234, 7.204191217763707, 0.20361146284242762, 0.9371154982590214, -0.24205753035465927, -0.14752988551651525, 1.5293578542219295, 1.5293578542219295, 1.5293578542219295
rpg_box01, 34.422117203633185, -2.3507494167655736, 7.127116677265914, 0.6502160792795371, 0.45227471412048603, 0.30259644224626603, -0.5301905566430636, 0.1298720679585657, 0.1298720679585657, 0.1298720679585657
rpg_box01, 7.331551619499404, -1.6217497894558512, 0.471345602186064, 0.5993645466916998, 0.1821433273952227, -0.11477315744410693, -0.7709818874557041, 0.7393352080890138, 0.7393352080890138, 0.7393352080890138
rpg_box01, 18.120261659664173, 8.953580096743714, 7.4855864344544445, 0.5913780409552797, -0.3909482293601037, -0.5911288705382155, -0.3847052807699799, 1.537442525429769, 1.537442525429769, 1.537442525429769
rpg_box01, 28.981420009776564, 5.5933256601962285, 9.950000563155605, 0.07457161495601466, -0.7530432889426595, 0.48749829422287977, -0.4355574501154314, 0.5954689252891004, 0.5954689252891004, 0.5954689252891004
rpg_box01, 40.958609511512776, 7.250932894976938, 9.992788647054645, 0.12275485682336153, 0.712541198745531, -0.10573957000540049, 0.6826678757284766, 0.8124230200726719, 0.8124230200726719, 0.8124230200726719
rpg_box01, 41.497006095252004, 6.2065295082476375, 0.3180944574013145, 0.5267907368520738, -0.1652699524668037, 0.40909831061703505, 0.7265094181280497, 1.3239715311282, 1.3239715311282, 1.3239715311282
rpg_box01, 9.149817109214402, 2.636502577531738, 3.0500673521545254, 0.7210842376064474, 0.16662438151317427, 0.1111303152350687, -0.6632675861193842, 2.606875350982905, 2.606875350982905, 2.606875350982905
rpg_box01, 53.2128573276424, -4.221797032807711, 6.680059185744684, 0.474744861733368, 0.07097866923752681, -0.04104010846200588, 0.8762962137704703, 2.00887964503049, 2.00887964503049, 2.00887964503049
rpg_box01, 55.292094042627674, -9.11236166555922, 9.593840325730643, 0.7839694192071357, -0.13919243155442762, -0.5773466428800322, -0.18079897870604436, 2.0466050758068532, 2.0466050758068532, 2.0466050758068532
rpg_box01, 20.614810914913473, -8.76747384647455, 5.864904946391668, 0.18815057913296007, 0.34789693753217776, 0.13510910376138974, 0.9084671763517148, 1.9509336533904087, 1.9509336533904087, 1.9509336533904087
rpg_box01, 49.94127342026849, -8.584308072363395, 7.2126422658821365, 0.5708809388524484, -0.3301157472363924, 0.6505291199135996, -0.37673652759712944, 0.7521723840128645, 0.7521723840128645, 0.7521723840128645
rpg_box01, 43.79306712574068, 2.123385501448844, 7.274500928292738, 0.08547557280815521, -0.8497034121010507, -0.33615581989787235, 0.3971111968526433, 1.9451694541967854, 1.9451694541967854, 1.9451694541967854
rpg_box01, 50.59961948490886, -3.72530210022882, 9.867914711151325, 0.8403425435511909, -0.4414436381638098, -0.009512849174772423, 0.31442237439977505, 2.096050677151825, 2.096050677151825, 2.096050677151825
rpg_box01, 3.9561618753003613, -4.747672887196757, 1.6014086994925092, 0.04595180445173114, -0.6009758472283622, -0.03187702405791186, 0.7973081700653727, 2.2919760424248206, 2.2919760424248206, 2.2919760424248206
rpg_box01, 56.86660812937852, 9.697012844049656, 8.550597619802982, -0.17363449038535528, -0.08039144657909728, -0.8933706825680308, 0.4065428668584272, 2.225736352540468, 2.225736352540468, 2.225736352540468
rpg_box01, 45.686624706052704, 9.90081837249011, 5.137910021013832, -0.22720667516148077, -0.7019727481859355, -0.354522889024504, 0.5743909023688223, 1.4060090117744068, 1.4060090117744068, 1.4060090117744068
rpg_box01, 6.9579267975861425, 0.7270780899019886, 4.267636667136653, 0.5835565311629892, 0.02562454355948804, -0.14672587615585858, 0.7982961073252723, 2.6810152767516033, 2.6810152767516033, 2.6810152767516033
rpg_box01, 58.52810083174971, 2.3171015240481, 8.523236445958851, 0.034282580868675916, 0.20366617815213217, -0.33346670223119773, -0.9198612672729167, 2.464039997230564, 2.464039997230564, 2.464039997230564
rpg_box01, 48.497046117424496, 6.576115615458203, 3.7492228041067155, 0.3452463863218278, 0.1588218203632886, -0.18044733265330867, -0.9072041238037427, 0.7604712261450487, 0.7604712261450487, 0.7604712261450487
rpg_box01, 40.659027890533835, 3.559276832369063, 1.0081093293971133, 0.5508637810271393, 0.2762711873613093, -0.5717894824415876, 0.5415534263169589, 2.1720979297402914, 2.1720979297402914, 2.1720979297402914
rpg_box01, 43.4817358011227, -4.483808264031815, 1.3113022323065926, 0.20980040952520304, -0.280569209223979, 0.007720603128412308, 0.9365922801762897, 1.1772994585689969, 1.1772994585689969, 1.1772994585689969
rpg_box01, 18.555043032240718, -8.654955029854658, 0.636795307884559, 0.3170463783603133, -0.17271660528866153, -0.08872098590876557, 0.928320609964869, 2.983625572787727, 2.983625572787727, 2.983625572787727
rpg_box01, 25.71862382998766, 6.637293068691289, 8.076607314010776, 0.38310577996309314, -0.7398913977324348, -0.23677918396611275, -0.4997262240074614, 1.6907090912218203, 1.6907090912218203, 1.6907090912218203
rpg_box01, 0.5097256115673487, -9.829964195738444, 7.901272937636106, 0.6467205601014049, -0.7414921385450037, 0.113750710595163, -0.13785028638772526, 0.13389641166826013, 0.13389641166826013, 0.13389641166826013
rpg_box01, 57.783624185911066, 5.821083497035488, 0.4813076129878724, 0.3056102035508405, -0.6251943659712872, 0.7070670330421306, 0.12566072985771054, 1.9366925636665753, 1.9366925636665753, 1.9366925636665753
rpg_box01, 31.628796155904503, -0.891068631957344, 6.697094103741872, 0.8454015188449115, 0.0812815292402091, -0.06904651688914507, 0.5233757383033405, 1.1873401535930013, 1.1873401535930013, 1.1873401535930013
rpg_box01, 9.961214217835572, 9.98211976856295, 8.579304354232582, 0.884423788886716, -0.3535178253983674, -0.1945220084726763, 0.2344800567140644, 1.3041254103728441, 1.3041254103728441, 1.3041254103728441
rpg_box01, 55.38562483572833, 1.6048645446701961, 1.543740150011601, -0.40682277292796976, -0.42559827856729004, 0.6171822138839479, -0.5219649907542323, 1.5560987711699228, 1.5560987711699228, 1.5560987711699228
rpg_box01, 59.31538076730281, 4.9725346884941235, 0.8840259490918145, 0.5825104306128136, 0.3774604964977821, 0.5620955531061985, -0.44972631787472606, 0.9185522650587883, 0.9185522650587883, 0.9185522650587883
rpg_box01, 39.89107130630755, 1.8343998648838085, 7.966530696234563, 0.024149933955165855, -0.04933602874929346, -0.9959273088904373, 0.07149498138653704, 0.6943462508560602, 0.6943462508560602, 0.6943462508560602
rpg_box01, 41.50959433519619, 4.488186529209592, 0.6200307690045126, 0.10914686154360997, 0.7023868727581385, 0.153226242413047, 0.6864847865963242, 0.4528584114137969, 0.4528584114137969, 0.4528584114137969
rpg_box01, 49.66233685123372, 2.483995052302447, 7.755371304151594, 0.5768764647539285, 0.4061360340747977, -0.5858222902726393, 0.3988474776888077, 0.7906704705933644, 0.7906704705933644, 0.7906704705933644
rpg_box01, 47.96857173014785, -3.9138665183617816, 9.52329603015976, 0.6896030073443802, -0.1481955241874979, 0.6954889933077485, 0.13704320143719034, 1.550730337770554, 1.550730337770554, 1.550730337770554
rpg_box01, 46.627968118305546, 4.090043545825775, 7.296045937568812, -0.19723295783711567, -0.7350038422684089, 0.6000182774151402, -0.24667099335200765, 0.2483392306995988, 0.2483392306995988, 0.2483392306995988
rpg_box01, 44.969698670560746, -1.1015851360002564, 6.216777857117412, 0.027040283169008417, 0.41815682933596643, -0.644462906434981, -0.6395945992542529, 2.7524286843095425, 2.7524286843095425, 2.7524286843095425
rpg_box01, 22.77087248423513, -8.522971943045922, 2.226960179181705, 0.009655333831971119, -0.7268424135271908, 0.006370566767360204, 0.6867068488850422, 2.8865548494526783, 2.8865548494526783, 2.8865548494526783
rpg_box01, 40.75536854505928, 1.401476521730098, 7.611393190817218, 0.7313913055061477, -0.17134204586585855, 0.3477861303488068, 0.5610289378325485, 1.6709392364836644, 1.6709392364836644, 1.6709392364836644
rpg_box01, 25.83578984986278, 7.722322263040297, 6.566346191335217, 0.058391549702446366, 0.7587435388052016, 0.23593299972990117, 0.6043461664337393, 1.796967185797178, 1.796967185797178, 1.796967185797178
rpg_box01, 50.91812313759333, 7.446278446289384, 1.002939983174107, 0.6277686628010708, -0.24776399880687364, 0.5458744682094355, 0.4965285206886395, 1.7724986484440908, 1.7724986484440908, 1.7724986484440908
rpg_box01, 5.582006320330624, -1.9409262321981142, 2.7711938689401663, 0.05302480426115901, -0.13528553528343823, 0.2545187345263136, 0.9560891212911394, 1.8797069337545893, 1.8797069337545893, 1.8797069337545893
rpg_box01, 58.82291953928693, -4.317644161454311, 6.252362618866391, 0.6416969607646902, 0.6872629169857196, -0.22482044228628978, 0.255637364662986, 1.2740419225772277, 1.2740419225772277, 1.2740419225772277
rpg_box01, 35.599783897025425, -1.2292544820090452, 7.686390846653071, 0.6539952951094523, 0.15961724002833055, -0.7331883147783598, 0.09616332842049233, 1.4060052238488439, 1.4060052238488439, 1.4060052238488439
rpg_box01, 56.990810096311435, -8.939756108676987, 7.614675755178667, -0.29547233383360266, -0.5054041809405562, -0.739502610408446, 0.33226285231097336, 1.9013327048914002, 1.9013327048914002, 1.9013327048914002
rpg_box01, 57.81169400066097, -4.312547354254765, 3.267541956467169, 0.2513094612659591, -0.8170793261839218, 0.2054453557163077, 0.47646315200195866, 1.453070127423648, 1.453070127423648, 1.453070127423648
rpg_box01, 33.30837400839388, -7.179019504165631, 1.7126780185395274, -0.07358059853202054, 0.35142435253891213, 0.5325910778913057, 0.7664421463573445, 0.5492216357110407, 0.5492216357110407, 0.5492216357110407
rpg_box01, 52.82736318953594, -7.008457421578564, 0.37535080697691514, 0.43205568742927114, 0.8500951667829183, -0.3010413540145772, 0.006339837964189507, 2.7249789515023752, 2.7249789515023752, 2.7249789515023752
rpg_box01, 3.3060312748012244, 1.7040381932740587, 1.2313542975277014, 0.3202231243820126, 0.4878362526175203, -0.3145223316250698, -0.7486979659063103, 1.134710353499706, 1.134710353499706, 1.134710353499706
rpg_box01, 45.00614354688562, -1.8919049832579677, 6.927507567114, -0.03715902591017587, 0.731380407397519, 0.6747322081876757, 0.09186051220535005, 0.8978293750080604, 0.8978293750080604, 0.8978293750080604
rpg_box01, 33.754542585244764, -4.433083033000111, 5.000140768250546, 0.33328982160838383, -0.4162675510577921, -0.27794024871058237, 0.7989921394452513, 2.3733220341026215, 2.3733220341026215, 2.3733220341026215
rpg_box01, 1.3357960709943373, 5.210713912889567, 7.446712972264228, 0.481119228678167, -0.5003802278777898, 0.1311757861787641, 0.7077689089423751, 1.0822419421202754, 1.0822419421202754, 1.0822419421202754
rpg_box01, 48.34919569196285, -6.426076143501971, 2.9482974355182536, 0.20867771310535205, -0.5912670204523147, 0.14086438552844785, 0.7661684850398478, 2.0871842107529788, 2.0871842107529788, 2.0871842107529788
rpg_box01, 50.36847210241954, 7.103898963652881, 1.7684325577806648, -0.15526386077911375, 0.5565464458011999, -0.43749018472605905, -0.689022151654339, 0.5746601498713315, 0.5746601498713315, 0.5746601498713315
rpg_box01, 42.886518032327864, 9.563519307511534, 7.310642627752136, 0.730642901760347, 0.4508122702400601, -0.222464184050164, -0.4619945172002778, 0.9310405589997787, 0.9310405589997787, 0.9310405589997787
rpg_box01, 45.04963550581371, 9.706651481770809, 7.3171352506291605, 0.19195205361205064, 0.05120495677319029, 0.9444814018712148, -0.26170086556096295, 2.7099160748485276, 2.7099160748485276, 2.7099160748485276
rpg_box01, 21.224460364488383, -7.378280511720481, 7.541210248279549, 0.010155148307775336, -0.817644613853582, -0.37598987760281366, 0.4358735715081785, 2.6185534964484463, 2.6185534964484463, 2.6185534964484463
rpg_box01, 4.704100829897106, 3.9412294334924916, 5.388330006676489, 0.40855187830042283, 0.616687887109479, -0.4273884835686238, 0.5197311773816877, 2.7579260051710173, 2.7579260051710173, 2.7579260051710173
rpg_box01, 56.160085823181376, -1.2021378685984612, 8.01343745823502, 0.19120166786878398, 0.006790358657363549, -0.8573555344047059, 0.47784652437693903, 2.862370151377674, 2.862370151377674, 2.862370151377674
rpg_box01, 31.53304046612678, 4.198093067875924, 2.1098738852398857, -0.4265969155383257, 0.5354394210192105, -0.5534724016750382, -0.47432899832907593, 0.9892373055728001, 0.9892373055728001, 0.9892373055728001
rpg_box01, 49.133600843169816, -5.961051679461466, 8.06463298062438, 0.6212665470957861, -0.16989954089009252, -0.6747356756732172, -0.3604078126772807, 0.6424395753902029, 0.6424395753902029, 0.6424395753902029
rpg_box01, 46.667326284605856, -3.3945249789358733, 4.161748540795989, 0.7055142786911137, 0.026194471524697394, 0.7053193850711375, -0.06393760448571767, 0.5487753879035188, 0.5487753879035188, 0.5487753879035188
rpg_box01, 32.85130366062563, -2.710742693263846, 6.525089429273687, 0.533782915691469, 0.10231377957543192, -0.826526330311445, -0.1464988557184002, 1.8106181145998823, 1.8106181145998823, 1.8106181145998823
rpg_box01, 41.80305713689453, -2.957039192074724, 1.4454317063061228, 0.7947620347553886, -0.1623613335363604, 0.2556729760038193, 0.5259500307302202, 0.11726496594396095, 0.11726496594396095, 0.11726496594396095
rpg_box01, 31.134832691465753, -4.944461709579599, 7.535409254650142, 0.7297027445505833, -0.09371744507951764, 0.6712993639070345, 0.09004503929214983, 2.3583466486572715, 2.3583466486572715, 2.3583466486572715
rpg_box01, 12.120358973881585, 9.097463507563532, 4.752667556472384, 0.9622788531468143, 0.2661936477461179, 0.00188626148277719, 0.05618534242741496, 2.197521985811949, 2.197521985811949, 2.197521985811949
rpg_box01, 26.372615472529443, 7.757097889716583, 2.3326737758473737, 0.3387924949253655, 0.13626166252981947, -0.13550975475749721, 0.9210263357105586, 2.4889319635457356, 2.4889319635457356, 2.4889319635457356
rpg_box01, 15.711765453030083, -0.5769489735044893, 6.137980951797192, 0.5378006634869779, -0.7376775803874622, -0.39710048673017956, 0.09441100139983911, 1.3180299575211987, 1.3180299575211987, 1.3180299575211987
rpg_box01, 56.974828938851545, 9.802155683065685, 4.861217160585577, 0.6807114256304593, -0.2149515496632518, 0.3406805844414331, -0.6118533530987289, 2.439412595252163, 2.439412595252163, 2.439412595252163
rpg_box01, 17.99056019371899, -3.0033303240519587, 5.746069685684072, 0.6665901238957246, 0.28572496556133054, -0.6747549690882231, 0.13683779620561676, 2.62212485335824, 2.62212485335824, 2.62212485335824
rpg_box01, 21.749163894468687, -6.710058570940425, 4.025065424122868, 0.11147804548015416, -0.787337757954231, -0.6024630914305036, -0.06863034124591022, 2.7352302367134405, 2.7352302367134405, 2.7352302367134405
rpg_box01, 1.3321313021264447, 1.6956426858390206, 9.091162035731035, -0.12170980696629649, 0.663189314729576, -0.48593597321872367, -0.5560871205564054, 0.7703572969435885, 0.7703572969435885, 0.7703572969435885
rpg_box01, 48.67893125940967, -1.8786613442768605, 0.8073587927172832, 0.6426709693422027, -0.7440590432783134, 0.17045922618057224, -0.06552722709252515, 0.5841796031811015, 0.5841796031811015, 0.5841796031811015
rpg_box01, 21.77750190289173, 6.864686577966875, 5.522257943601442, 0.7154647973179343, 0.4759741532210614, 0.5110083705502708, 0.020716527022110992, 2.154838511687445, 2.154838511687445, 2.154838511687445
rpg_box01, 36.579963857244564, -2.836071638256521, 8.3865403375462, 0.487305678972904, -0.6088325128863469, 0.43163185274402205, 0.45337632292612734, 2.7564353039375873, 2.7564353039375873, 2.7564353039375873
rpg_box01, 17.803239085551287, 1.5971246289344876, 9.596697691166494, 0.2540014562518831, 0.4622562932463248, -0.3202747227419786, 0.7869094493959513, 1.6789788393113216, 1.6789788393113216, 1.6789788393113216
rpg_box01, 47.87896724992663, -1.8917933428731075, 3.3893437163684057, 0.536294865665846, 0.4606006198065001, -0.5351762465816533, 0.46240812188919606, 1.946603281261263, 1.946603281261263, 1.946603281261263
rpg_box01, 1000.0, 1000.0, 1000.0, 0.005974562672319772, -0.6634823908583929, 0.010927721970531615, -0.7480882344444673, 2.4742385292041895, 2.4742385292041895, 2.4742385292041895
rpg_box01, 7.104348024897805, -1.3647282073634752, 7.946278950512481, 0.5178767313242225, -0.20471432179547, -0.3873890397667236, 0.7347281602561423, 2.2797887490513675, 2.2797887490513675, 2.2797887490513675
rpg_box01, 45.205736081350345, -4.36430626397873, 3.8095681922847655, 0.20178516369816799, -0.8310150660204665, -0.14005152113609806, -0.49908143542488986, 0.23504385998711957, 0.23504385998711957, 0.23504385998711957
rpg_box01, 6.301707803864125, -0.47401235261279595, 8.144224263057657, 0.846977009357997, 0.10152941141858121, -0.38429090508894204, -0.35304705706449635, 2.035412942326277, 2.035412942326277, 2.035412942326277
rpg_box01, 21.665049401813985, -9.653573607401864, 5.18367320045653, 0.07380448500208837, -0.3038443408001824, 0.2156890181456097, 0.9250458161673193, 2.4667433351441415, 2.4667433351441415, 2.4667433351441415
rpg_box01, 18.80122467007039, -4.954516864669902, 4.4261490682309725, -0.021531720612184613, 0.16446832324420174, 0.45503437443150324, 0.8748887207767911, 1.4904725166874142, 1.4904725166874142, 1.4904725166874142
rpg_box01, 32.13520764666055, 7.36273216713089, 4.0550519148724105, -0.6502819703353775, 0.26788606330101294, -0.6591584111856156, -0.26623411710199707, 1.2753956857397664, 1.2753956857397664, 1.2753956857397664
rpg_box01, 26.233816025142072, -4.844340855255789, 3.849681240331675, 0.04781336928104779, 0.7304974480932012, 0.2098440188850319, 0.6481148415099698, 2.919295140173632, 2.919295140173632, 2.919295140173632
rpg_box01, 15.764649353296981, 0.602851569821798, 7.091354566810681, 0.08597441844206477, 0.7565130184145075, -0.13917779791844256, -0.6331871705187126, 2.558691626743089, 2.558691626743089, 2.558691626743089
rpg_box01, 21.847088305470802, -5.574165608112887, 4.888236826681039, 0.5400693042827727, 0.1605582643980407, -0.7926526818564933, -0.23291182076210654, 2.0159666417405675, 2.0159666417405675, 2.0159666417405675
rpg_box01, 40.69013415903101, -7.430030052290297, 4.783584843020505, 0.16445345069980372, -0.1692901007987797, -0.14548731712437682, -0.960796214022733, 2.2565152993006605, 2.2565152993006605, 2.2565152993006605
rpg_box01, 27.533379252682543, -7.7917833753683, 5.884078237382047, 0.7881341026298478, 0.014567721588654825, 0.443566915008597, 0.42647486405334145, 2.8431462903360933, 2.8431462903360933, 2.8431462903360933
rpg_box01, 15.910704814723198, 6.431956018702408, 6.7658320459555865, 0.0333804566804608, 0.7287387456514383, 0.011842128106921784, -0.6838752442515167, 2.8071862807824353, 2.8071862807824353, 2.8071862807824353
rpg_box01, 42.79199883226941, 3.8657678693400044, 2.9628417920979233, 0.5056230702147111, 0.4700673179471893, 0.19853226687022973, -0.6956773436557735, 2.705699769893394, 2.705699769893394, 2.705699769893394
rpg_box01, 15.098250069628094, 0.8150839977328577, 5.804162979969446, 0.44337582661336195, 0.5379437831714957, 0.22682035590545502, -0.6801374042566543, 1.985031750582034, 1.985031750582034, 1.985031750582034
rpg_box01, 49.25270902190888, 8.694830357661832, 7.2606531387053135, 0.4834015503537982, 0.7021191218792232, -0.4793241459600782, 0.20880623292118047, 2.6051807177454727, 2.6051807177454727, 2.6051807177454727
rpg_box01, 41.40647810923339, -0.634619624251938, 9.560112372195984, 0.31901237971974233, 0.5161272297211651, -0.7286550444827445, -0.3176564346518928, 2.9030207160932333, 2.9030207160932333, 2.9030207160932333
rpg_box01, 6.607502266653659, -4.209319080880595, 7.803101522762913, 0.7613402034231362, -0.37307712057160064, -0.27204421074209917, -0.4551554725138755, 2.1869018893791456, 2.1869018893791456, 2.1869018893791456
rpg_box01, 11.502759528593792, 6.7210424643634035, 3.2731070126126305, 0.6729293400348036, -0.4171878894662057, -0.6108004855398073, 0.0065677292416699284, 0.4966674794555872, 0.4966674794555872, 0.4966674794555872
rpg_box01, 45.57074972753016, -1.549360504991979, 6.979546185982741, 0.6156418156778743, 0.47459524811697784, -0.527679468927182, 0.34248924556307137, 2.5872909774793573, 2.5872909774793573, 2.5872909774793573
rpg_box01, 52.780748141185455, 1.0973508355149306, 1.0268264855755982, 0.5009310981929148, 0.10415515992013573, -0.005289980272273467, -0.8591808620040196, 2.4110801948445766, 2.4110801948445766, 2.4110801948445766
rpg_box01, 17.333123237008394, -1.454733792008705, 4.8172626210009994, -0.22286880367657347, 0.39434031817407444, -0.7922279371595188, -0.4089010948800657, 0.5587558283769275, 0.5587558283769275, 0.5587558283769275
rpg_box01, 33.30298128946269, -6.5344164217830585, 3.1360202000924597, 0.9223927035873135, 0.16237399514776263, -0.02091085495539534, 0.3498415673039369, 2.8733984930492795, 2.8733984930492795, 2.8733984930492795
rpg_box01, 10.828643249414034, 5.348999861266533, 1.0719713872444814, -0.5176407440007121, 0.41646743643838724, -0.6290248797067092, -0.4036466712940749, 1.4896776903559106, 1.4896776903559106, 1.4896776903559106
rpg_box01, 41.97390123610745, -0.8932950931415746, 3.89502269270956, 0.7626193276303912, -0.4851494886832713, -0.19232297842646628, 0.382169604657544, 1.6770054560919538, 1.6770054560919538, 1.6770054560919538
rpg_box01, 58.69535068684893, 7.35694971815882, 1.0252090217868182, -0.10598165802357401, -0.5498056630550079, 0.8162697215508334, -0.14207520091325718, 2.2448327032037114, 2.2448327032037114, 2.2448327032037114
rpg_box01, 31.390128922518763, -9.475360676978363, 3.837086550980373, 0.3158436865934744, -0.1662600509879832, -0.9213536037876301, 0.153973692142727, 1.5618134074200885, 1.5618134074200885, 1.5618134074200885
rpg_box01, 33.76745525208898, -0.9898686478670058, 7.841095546129914, 0.19942362646786022, -0.7469563885287719, 0.6260132935539361, -0.1019496303878305, 2.350259936026537, 2.350259936026537, 2.350259936026537
rpg_box01, 32.553231828975406, 1.1943793451377012, 4.913916182853276, 0.09510207820172761, -0.9360157976062238, 0.3073406028553911, -0.14272972777169357, 0.28972630307758374, 0.28972630307758374, 0.28972630307758374
rpg_box01, 22.945326262645803, 2.7263626567500516, 4.155336597973442, 0.3014018811313301, -0.45114269803313767, 0.8393396540770018, 0.033706337026969374, 0.5573324358285466, 0.5573324358285466, 0.5573324358285466
rpg_box01, 23.779420227482564, -4.452433123518031, 0.5817307171655917, -0.42749601084492506, 0.18285964915307912, -0.8344569144713797, -0.2957890588142045, 0.45007613067805063, 0.45007613067805063, 0.45007613067805063
rpg_box01, 54.90820240481851, 1.6395529568983669, 9.629526098688274, 0.17032276889953193, -0.9216375536919598, 0.09324002838295525, -0.3359771884015974, 1.6342217946648459, 1.6342217946648459, 1.6342217946648459
rpg_box01, 51.98700370026886, 9.921316950544568, 9.920351797714096, -0.13162475676825774, -0.4544609877272826, 0.8005633053743685, -0.3677479138318871, 2.3463634138811664, 2.3463634138811664, 2.3463634138811664
rpg_box01, 29.71471036704495, 4.924681062390466, 7.851233011982384, 0.6186157394232029, 0.11904445694430629, 0.46340187933362176, 0.6232188078346053, 0.4114245709189175, 0.4114245709189175, 0.4114245709189175
rpg_box01, 20.31140605034967, 1.8499453155870267, 0.5438479943320262, 0.372430573915812, 0.6399274109629184, -0.3932526098930015, 0.5451061925197492, 0.5487378410715755, 0.5487378410715755, 0.5487378410715755
rpg_box01, 31.6835271402774, 4.8965063289141675, 5.207602479965757, 0.5791206290905289, -0.8134445113632527, -0.0541037414705471, -0.0003302327623747048, 2.98732394104312, 2.98732394104312, 2.98732394104312
rpg_box01, 45.15119467255806, -9.884883301167688, 8.170849484844066, 0.6768828842090444, 0.6934510002379651, 0.08377202876386683, 0.23224452314445876, 0.12541251307540352, 0.12541251307540352, 0.12541251307540352
rpg_box01, 51.800107857157535, -8.640110671435018, 9.905281676383908, -0.37493019709257985, -0.5785662709451243, -0.6108606834019522, 0.3892783617239368, 1.9327534129619661, 1.9327534129619661, 1.9327534129619661
rpg_box01, 36.96083519806455, 0.6302102464384607, 1.9198352021895404, 0.23728563811107042, 0.8856252294019509, -0.3990837462632491, 0.009779696388669365, 0.9018529779302454, 0.9018529779302454, 0.9018529779302454
rpg_box01, 47.01438392506494, 6.571190915883676, 0.001960908984494081, 0.44228799931900636, 0.5629966833759683, 0.09521094864591717, -0.6916291892509995, 2.5455439604141277, 2.5455439604141277, 2.5455439604141277
rpg_box01, 47.916308517857665, -8.372203885711954, 2.345528243075923, 0.8050567148274904, 0.2993646354855684, 0.4337716316079225, -0.27222540760179254, 2.0082183905156854, 2.0082183905156854, 2.0082183905156854
rpg_box01, 32.171306952814994, 4.92077967914177, 1.5424816962993781, 0.6814786547708134, -0.33383297036814663, -0.6318786084218091, -0.15770800615650632, 0.33829132226083525, 0.33829132226083525, 0.33829132226083525
rpg_box01, 4.551351843223421, 8.029011867094699, 3.5072504406073666, 0.4923175413242613, 0.42603085828485715, 0.45186606669374374, -0.6098673659610155, 1.369372501952509, 1.369372501952509, 1.369372501952509
rpg_box01, 1000.0, 1000.0, 1000.0, 0.2471833196958343, 0.45060865210404477, 0.11717921522027602, 0.849777194700754, 2.31599270522294, 2.31599270522294, 2.31599270522294
rpg_box01, 4.802797463004788, -6.092339006901071, 2.5359879489508366, -0.4936641380002874, -0.4920645489186376, 0.5347845553499686, -0.4776752850096675, 2.987750660691914, 2.987750660691914, 2.987750660691914
rpg_box01, 38.94036567962647, 7.096916725924864, 0.3890857245753965, 0.3184104544328617, -0.8112949870009009, -0.09172998313448191, -0.4816646517746704, 2.4886221472250267, 2.4886221472250267, 2.4886221472250267
rpg_box01, 42.060931678336914, -1.531117950330982, 8.129316465946172, 0.41112563718922746, -0.19666708960757348, -0.7030334137447446, 0.5459320337454554, 2.1060166301624275, 2.1060166301624275, 2.1060166301624275
rpg_box01, 15.203119849784974, 5.261819179808022, 5.9592471011602655, 0.8902281900724837, -0.09532264795601611, 0.1932566108254134, -0.40132187176778455, 0.15811504379093796, 0.15811504379093796, 0.15811504379093796
rpg_box01, 1000.0, 1000.0, 1000.0, 0.8379488827809024, -0.004090178154251861, 0.49908812931751023, -0.22076226911148555, 1.0965309062619135, 1.0965309062619135, 1.0965309062619135
rpg_box01, 32.26892511279068, -3.4993784514205384, 5.518310382948778, 0.10692230253391342, 0.5687078920091792, -0.13149636581732083, 0.8048898437451918, 1.5667362299524088, 1.5667362299524088, 1.5667362299524088
rpg_box01, 8.637390919120943, 8.287822128524713, 7.240196706476264, 0.32815128246837366, -0.17676356007316052, -0.6097352469450876, -0.6994957528659033, 1.8079607042499284, 1.8079607042499284, 1.8079607042499284
rpg_box01, 19.846137815614348, -4.401449394731374, 2.0724841500541213, -0.4448704338438784, -0.5200405938197001, 0.5271166796523323, -0.5037817820282047, 1.5825562721764594, 1.5825562721764594, 1.5825562721764594
rpg_box01, 2.668172654109522, 3.936706794089517, 8.436525470467743, 0.16431317092828893, 0.9050823027974665, -0.15771563548709402, 0.35910024414532005, 1.2570732268381934, 1.2570732268381934, 1.2570732268381934
rpg_box01, 0.2100892707326163, 8.027096617148729, 4.577565531719495, 0.24889416055350605, 0.9069246811451142, -0.1490840263878922, 0.30547221256306284, 1.4878127859925525, 1.4878127859925525, 1.4878127859925525
rpg_box01, 31.53331606095908, 0.0790936131209019, 7.818478226996315, 0.8141027814067222, 0.20686239555837457, 0.38871090975600386, 0.37861383921662073, 0.3585581635066334, 0.3585581635066334, 0.3585581635066334
rpg_box01, 14.840523890697435, 5.412267601405674, 5.739586412042549, 0.0554181419678042, 0.2278877640978214, -0.11906629602143781, -0.9647897251044227, 1.743320782458587, 1.743320782458587, 1.743320782458587
rpg_box01, 36.13885210306656, -8.164975327754833, 8.108723729767496, -0.3163443551524827, -0.3815253788359242, -0.8361769123108778, 0.23488892180243676, 0.8795007322935046, 0.8795007322935046, 0.8795007322935046
rpg_box01, 41.37836729920123, 1.359671465170205, 2.5265822451694087, 0.021947649516377732, 0.46462849456573807, -0.23440277530277476, -0.8536357546686053, 0.5112177119296469, 0.5112177119296469, 0.5112177119296469
rpg_box01, 1.0965354674853378, -7.83930989678661, 2.498002807646411, 0.3218884041378167, -0.6468606574230311, 0.6810909291823445, -0.11863511851633202, 0.3438822268134347, 0.3438822268134347, 0.3438822268134347
rpg_box01, 31.636430971636305, 1.7212106797334386, 7.15634061081294, 0.65163062160019, 0.13364790506950347, 0.6503643934835485, 0.3667995721811285, 0.6888254892903095, 0.6888254892903095, 0.6888254892903095
rpg_box01, 28.236282207769715, 7.440188773406291, 6.403982960427532, 0.5737281546936217, -0.40305758692880056, -0.42563042039722193, -0.5720308832252575, 1.2927913463768836, 1.2927913463768836, 1.2927913463768836
rpg_box01, 47.05854492007135, 5.946208450176524, 2.23438772406912, -0.06536525895372475, -0.5914752148116551, -0.5515580758071275, 0.5845238593910074, 1.4766699403357757, 1.4766699403357757, 1.4766699403357757
rpg_box01, 11.794293878534308, -2.3899825466646867, 9.49099877852112, 0.21146993331924457, -0.660263506728041, -0.20588601046845612, -0.6906109756429643, 1.1177392160444275, 1.1177392160444275, 1.1177392160444275
rpg_box01, 1000.0, 1000.0, 1000.0, 0.5414507870709997, -0.17029731498120368, 0.722194817213673, 0.3953030681389878, 2.256648599173841, 2.256648599173841, 2.256648599173841
rpg_box01, 12.989272819031747, 8.392239882842695, 2.757597231912554, -0.026096894534781034, 0.6513970395285974, 0.539146943642776, 0.5332179874588558, 1.6757543282396752, 1.6757543282396752, 1.6757543282396752
rpg_box01, 21.716596473063547, -9.569095952837774, 4.501806559207786, 0.4952665902181518, -0.7680914617471114, 0.14992167421031372, 0.3771869597518552, 2.685976934626003, 2.685976934626003, 2.685976934626003
rpg_box01, 24.588199274395315, -0.8603729442511625, 2.8808911592788053, 0.5742380568188699, 0.4428191738762164, 0.6120063665656376, -0.3156105838396426, 1.7233539292229147, 1.7233539292229147, 1.7233539292229147
rpg_box01, 5.053511624033642, -5.742838602307643, 2.6181814092336255, -0.07638134583457717, -0.5833254006506778, 0.6996031526066899, -0.4055277990804152, 0.855445937968828, 0.855445937968828, 0.855445937968828
rpg_box01, 34.68939938314922, 4.994389185438454, 6.587874757446737, -0.4677766064840559, -0.09061116605390712, -0.8647944680697384, 0.15844617700844182, 1.0252830463157967, 1.0252830463157967, 1.0252830463157967
rpg_box01, 33.9411325160036, -8.866222395230412, 4.355748946344958, -0.1335395406622152, -0.6842606732692973, 0.690773163380152, -0.19179926707511258, 1.8262316425232252, 1.8262316425232252, 1.8262316425232252
rpg_box01, 4.687948281003045, 0.7800260776532415, 9.873077736846463, 0.2797971052373589, 0.25825802496375655, -0.5649561996705231, 0.7320115196473713, 2.7303324611060917, 2.7303324611060917, 2.7303324611060917
rpg_box01, 51.60687217324339, 5.560678554161232, 6.0229007458623105, 0.6787646012128343, 0.5097947122459445, -0.5180718695245012, -0.1048308423787804, 1.8810454898458921, 1.8810454898458921, 1.8810454898458921
rpg_box01, 49.23928321116706, -2.231730834648113, 1.3517866703671566, 0.7810049371373955, -0.505456864241391, 0.24708948518183727, 0.27109303360810927, 2.752815342306387, 2.752815342306387, 2.752815342306387
rpg_box01, 42.95471149304692, 8.71764908913137, 5.81141316701537, 0.1444537040882776, -0.8648998288619262, -0.4806673151987284, 0.006351811508034828, 1.2014240977419843, 1.2014240977419843, 1.2014240977419843
rpg_box01, 43.238636309156085, 5.023512469077474, 5.727579928306005, 0.8904025701746927, 0.38852041953073363, -0.14456237878573902, -0.18798102370657693, 0.4705855169469658, 0.4705855169469658, 0.4705855169469658
rpg_box01, 27.67107758230776, 7.781072460938173, 0.7484579169434258, 0.026271597438908785, -0.1573767189122137, 0.3937281956407864, -0.9052737041745357, 1.9453764184573534, 1.9453764184573534, 1.9453764184573534
rpg_box01, 47.47526982655291, 4.5395349368756115, 1.7724873903312621, 0.01625907016088346, 0.8027516779242585, 0.07453157686923952, 0.5914139246557149, 1.5039890548053443, 1.5039890548053443, 1.5039890548053443
rpg_box01, 13.478530807037426, -7.643501736383513, 6.610817035727318, 0.3689180772756292, -0.01000797406245248, 0.08858508599370786, -0.9251767264981894, 0.24839168564905692, 0.24839168564905692, 0.24839168564905692
rpg_box01, 36.834074115028784, 6.438312310701342, 5.187311474581374, 0.6072929201737615, 0.7885991767807731, -0.06620930380519087, -0.07016391933996229, 0.17993168191505302, 0.17993168191505302, 0.17993168191505302
rpg_box01, 20.52327881455409, -7.480304208725748, 9.636253764645854, 0.02741007182908473, 0.4459763999734259, 0.021756418550707937, 0.8943603283246152, 2.574928498772681, 2.574928498772681, 2.574928498772681
rpg_box01, 8.853212264702892, -2.4688469795460417, 5.656331921676986, 0.8871305033899023, -0.09893857578437616, 0.35315024044082427, 0.28017054779816836, 1.3894188266492196, 1.3894188266492196, 1.3894188266492196
rpg_box01, 52.9522426205742, 6.281795243447355, 3.475094631421072, 0.09117127729326882, 0.1443339752867507, -0.600648478398163, -0.7810742008110426, 1.0054512015367518, 1.0054512015367518, 1.0054512015367518
rpg_box01, 41.15463082264114, -5.933529540283535, 6.570920784613281, 0.5856808900301997, -0.43212059700237226, 0.6078227413249018, -0.3174920468736627, 0.26651671563470225, 0.26651671563470225, 0.26651671563470225
rpg_box01, 42.43639103738899, -8.60523453437933, 0.11428637972928812, 0.08302705368923172, 0.7390864659265157, 0.62022837895027, 0.2493480743552247, 0.7980776303536566, 0.7980776303536566, 0.7980776303536566
rpg_box01, 34.73884434606305, -4.30850430552039, 2.636025037159543, 0.8499405991949202, -0.48080228653742424, 0.1752839404984087, 0.12532230170211137, 0.3781360241100463, 0.3781360241100463, 0.3781360241100463
rpg_box01, 11.19821440830481, 9.613014418279274, 6.453864474381575, 0.49964018465630333, 0.02570627069732897, -0.1338928919326112, -0.8554364774858345, 1.6815709231624203, 1.6815709231624203, 1.6815709231624203
rpg_box01, 16.10312132394942, 5.159467078764914, 2.9174635314730315, 0.6498393702226746, 0.2396575702005308, 0.6247490811980865, 0.36050191053075153, 2.412969703224668, 2.412969703224668, 2.412969703224668
rpg_box01, 30.285916430631197, 4.243118593635442, 3.827905475711356, 0.7807537304189336, 0.19911854636150292, 0.5349688136582369, 0.25413340068731627, 2.865795235725302, 2.865795235725302, 2.865795235725302
rpg_box01, 41.50885849887942, -9.671730847889577, 9.946221806821029, 0.6057439037357953, 0.2574169003558142, 0.5839202253480922, -0.4752347135127628, 0.3208163261003588, 0.3208163261003588, 0.3208163261003588
rpg_box01, 9.61775916658469, 7.880187894609605, 9.382782457165199, 0.4639410325994269, -0.36566136685754885, -0.6130707760348457, -0.5245900367243727, 2.734760300105442, 2.734760300105442, 2.734760300105442
rpg_box01, 21.415205140728165, -6.106837034921899, 8.746965770263667, 0.8012461666645698, 0.32954055221302114, -0.3712096449931009, 0.3340823316438114, 0.3059224398160473, 0.3059224398160473, 0.3059224398160473
rpg_box01, 28.2137774446182, -9.577580673329438, 3.9849076280082207, 0.18480866713254862, 0.8655441320965765, 0.22985332276596576, -0.4047796461771761, 1.1019316553167258, 1.1019316553167258, 1.1019316553167258
rpg_box01, 1.0382217254907733, 3.4166095753341814, 7.6871844974828685, 0.10079395125993318, 0.4568437507022551, -0.8148821454203353, -0.3422008999240907, 1.6966802997879855, 1.6966802997879855, 1.6966802997879855
rpg_box01, 18.389442165972437, -5.5681904219517575, 3.7457328334202424, 0.34593607364287077, -0.639636189615638, -0.2769607805733135, -0.6280816060917265, 1.4619542262273244, 1.4619542262273244, 1.4619542262273244
rpg_box01, 18.09953768920476, 4.5858015622062815, 3.7552180028202873, 0.4820412236190464, -0.36176296122102924, -0.21593147020111125, 0.768204021596627, 1.0048178239467558, 1.0048178239467558, 1.0048178239467558
rpg_box01, 51.24881133172091, -9.398990895418756, 0.39099389776623417, 0.22647167746334818, 0.15477937866456154, -0.9613360269140687, 0.02422739367374191, 0.9548350540989187, 0.9548350540989187, 0.9548350540989187
rpg_box01, 27.09560509661432, -3.6044179687830447, 7.395395262566328, 0.7722551475746823, 0.21775025669411086, 0.586823472101466, -0.10883485353890213, 1.7140581751797812, 1.7140581751797812, 1.7140581751797812
rpg_box01, 9.451455643542468, -5.322273714815465, 8.860457034108487, 0.4510980197867346, -0.5310625784027697, 0.458742513211487, 0.5513967908295238, 0.8380519261909842, 0.8380519261909842, 0.8380519261909842
rpg_box01, 1.3879100275612277, 9.051459601260795, 2.239590313602249, 0.4524153778584206, 0.6550426139097896, 0.6008921751705, -0.07188945443052294, 1.8066371663269283, 1.8066371663269283, 1.8066371663269283
rpg_box01, 26.411851880555147, -5.705767502403689, 9.950582403503528, 0.7967562699589472, -0.5961145995398829, -0.02700681127045462, 0.09538061984235853, 0.46453905449566235, 0.46453905449566235, 0.46453905449566235
rpg_box01, 32.39918444917399, 7.816061800985526, 3.2775724643309, 0.5950864527096923, -0.29327636405972823, 0.6533660318924894, 0.3646558877275443, 1.4092846571366944, 1.4092846571366944, 1.4092846571366944
rpg_box01, 11.160279923865817, 3.7896491008482673, 7.543413942808427, 0.5636428551116502, 0.2483229675187188, 0.4201735463242938, -0.6664057522662534, 0.5675287376018779, 0.5675287376018779, 0.5675287376018779
rpg_box01, 17.429988746094523, -1.043325511708332, 5.183496799567262, -0.09883543457639618, -0.04644777458601448, -0.9887984797838079, 0.10174343951986502, 2.3588596345909347, 2.3588596345909347, 2.3588596345909347
rpg_box01, 41.8827322105995, -4.386439372369846, 0.32317898286282176, -0.34913281684647907, -0.23505552753189682, 0.7640293501197106, -0.48899317718471, 1.0327212055220985, 1.0327212055220985, 1.0327212055220985
rpg_box01, 26.288131577522588, 5.783415416215121, 5.433220261615887, 0.3522583942411072, 0.858354210805898, -0.35891918579721704, -0.10158292447613101, 1.8228063457205599, 1.8228063457205599, 1.8228063457205599
rpg_box01, 14.113177338379938, 5.71596874873263, 0.2953800002556528, 0.6779358237256017, -0.03526788896843441, -0.7154649684478547, -0.16513350308495944, 2.389628776676323, 2.389628776676323, 2.389628776676323
rpg_box01, 55.78932120844192, -8.669277903300063, 3.9075959128948767, -0.10629171526766729, 0.7062364425150681, 0.25949515742592355, 0.6500726280975175, 2.182910946040086, 2.182910946040086, 2.182910946040086
rpg_box01, 38.896041958210276, -6.9497011483795745, 4.493406367810071, 0.7499564991470449, 0.4503034269650109, -0.47412021614873057, -0.10001046790089901, 0.25479430739297243, 0.25479430739297243, 0.25479430739297243
rpg_box01, 41.66555732762671, 6.17971837316723, 3.2050722715263635, 0.8109664742626334, -0.21371014032327704, -0.5393734985023154, 0.0757468326625712, 0.881625515421386, 0.881625515421386, 0.881625515421386
rpg_box01, 0.3186238302426614, 2.4555909620556893, 5.616714551739942, 0.8844383055197235, -0.023606553098874453, 0.366464244434702, -0.2879506414840803, 0.6647361723133758, 0.6647361723133758, 0.6647361723133758
rpg_box01, 19.945320621589786, 8.217809656419607, 5.312251063657456, 0.4210040443647551, -0.5983464661673905, -0.4512281033756558, -0.5110090995055993, 0.5266393285632471, 0.5266393285632471, 0.5266393285632471
rpg_box01, 23.82378714872654, -0.10263852912586202, 6.665655550788884, -0.03941457409342773, -0.1492384510719566, 0.8976478493621648, -0.41279863687536245, 1.7122369460684541, 1.7122369460684541, 1.7122369460684541
rpg_box01, 1.1274560510550025, 9.765784337519715, 6.327850498363874, 0.6543972581748826, -0.4971226412289795, -0.43223215583998803, -0.3712259036336711, 1.2906821610379002, 1.2906821610379002, 1.2906821610379002
rpg_box01, 5.0789271241753315, 5.036808661682766, 5.866395439754432, 0.02430859871681465, -0.9490412851357056, 0.12033715741108945, -0.2902562655354947, 1.3611084073463728, 1.3611084073463728, 1.3611084073463728
rpg_box01, 39.746347428107775, 8.057479671548261, 0.6677278043825841, 0.7658906009085815, 0.21280426577254943, -0.1573471185311806, 0.5859759518946429, 1.8687315684120085, 1.8687315684120085, 1.8687315684120085
rpg_box01, 37.68225573650782, -1.1490326643027124, 5.813253731442297, 0.7561958308200137, 0.3159087282319279, 0.39838882418511185, -0.4118930512180549, 1.365434154787677, 1.365434154787677, 1.365434154787677
rpg_box01, 31.66159520074109, -2.9288255303966704, 9.583748081355326, 0.3524441283409935, 0.6119580576902818, -0.5591056680071921, -0.4343861462203033, 2.375111415734793, 2.375111415734793, 2.375111415734793
rpg_box01, 1.785081078031845, -2.4355383553931143, 8.51087092490799, 0.4009061056561079, -0.4494563726683598, 0.3503856576113031, 0.7172817817676319, 0.9855562950150384, 0.9855562950150384, 0.9855562950150384
rpg_box01, 43.89394194894808, 5.522401294122917, 0.008409663134207879, 0.5532060604590752, -0.5141120306947204, -0.6194843489498134, 0.21422188490564337, 2.995391805182591, 2.995391805182591, 2.995391805182591
rpg_box01, 11.24501350248228, -6.25250238844016, 3.0597459135636838, 0.02296763363490978, -0.2681541661276954, -0.29932013621576126, 0.9154088087020744, 1.4263838384071208, 1.4263838384071208, 1.4263838384071208
rpg_box01, 22.630300372591392, 0.06023143833504818, 5.057638482841568, 0.6645687702589683, -0.24922864028638336, -0.6676508201191488, -0.22466823730049412, 0.31760118655635877, 0.31760118655635877, 0.31760118655635877
rpg_box01, 56.09107899878242, -2.788739308623997, 0.4168700685672344, 0.41041581176898695, 0.8858810959048901, -0.14382946470192323, 0.161513561201258, 1.6961622216050787, 1.6961622216050787, 1.6961622216050787
rpg_box01, 8.721251275037636, 5.237780152310091, 8.834449074960942, 0.14924331101441415, 0.04279739997774337, 0.6602456113263585, 0.7348268839644364, 2.5938646199339197, 2.5938646199339197, 2.5938646199339197
rpg_box01, 1000.0, 1000.0, 1000.0, 0.5697799687116001, -0.33332534085448606, 0.5955805578437405, 0.45774316326711806, 0.867070067121903, 0.867070067121903, 0.867070067121903
rpg_box01, 11.399693095338804, -5.935112824955606, 6.556777360079078, 0.4874970184008661, -0.3303877112002583, 0.7853132112572873, 0.1909810921606837, 1.4260802277142886, 1.4260802277142886, 1.4260802277142886
rpg_box01, 23.706838945152988, 6.641357253589717, 0.18575137360682392, 0.08301464585680703, 0.43475291716155234, -0.8073678324374228, -0.3901995037645317, 1.8092271109696656, 1.8092271109696656, 1.8092271109696656
rpg_box01, 32.50129058449791, 4.3722274665289955, 3.794290543895509, 0.5349385575868453, -0.43617220986667515, -0.46966559397052327, 0.5504623264014005, 1.5051098068596083, 1.5051098068596083, 1.5051098068596083
rpg_box01, 5.613009696829481, -3.5244107939461866, 3.615912669313407, 0.03767451207389222, 0.8166910093758071, -0.1247893260538337, -0.5621601644084625, 1.6378628487201377, 1.6378628487201377, 1.6378628487201377
rpg_box01, 3.2096075118265177, -2.3652351708292185, 8.70314109048752, 0.1921470226097492, -0.6321606950633983, 0.20077326578248644, 0.723285886124017, 1.1584102222177766, 1.1584102222177766, 1.1584102222177766
rpg_box01, 3.3709708450012266, -3.067228132422459, 5.9226730172116495, 0.17590947092513418, 0.6615030600195482, -0.008230041854023484, -0.7289731312158867, 1.9795639729282748, 1.9795639729282748, 1.9795639729282748
rpg_box01, 11.935890716943394, -2.830942392875535, 4.069054696501338, -0.3260431364337839, -0.6009832778330488, -0.45586618003432944, 0.5698254108500023, 0.14272935101271675, 0.14272935101271675, 0.14272935101271675
rpg_box01, 10.845932495474182, -3.5586529808159266, 6.7161245308934845, 0.33629650172839537, -0.7257200755023475, 0.3219737705213617, 0.5065253458953143, 2.4154890919328404, 2.4154890919328404, 2.4154890919328404
rpg_box01, 12.403566572363452, -7.220840469837853, 5.808226672787989, 0.4601978051837193, -0.43716633639639596, 0.005583557763682356, 0.772704599642412, 1.767678907090905, 1.767678907090905, 1.767678907090905
rpg_box01, 51.7327921360478, -0.4167412981684784, 0.45730144603873923, 0.44419029991882153, -0.7171300847650989, -0.04721539647935316, -0.5349674058464936, 2.236983059089489, 2.236983059089489, 2.236983059089489
rpg_box01, 49.340558469071134, 2.4559347003795082, 1.9753357805323757, 0.4861307338270613, -0.6502105233862271, -0.44693446100147183, -0.37570303761866936, 0.28570779862312556, 0.28570779862312556, 0.28570779862312556
rpg_box01, 38.576728656840004, -9.543877621836677, 6.917251957823821, 0.6477371878076399, -0.4949975948356645, -0.3533497960475805, -0.4588658172833218, 2.095965847323915, 2.095965847323915, 2.095965847323915
rpg_box01, 7.050894150563027, -9.433491607515291, 7.719451288485011, 0.43178018575647004, 0.438178403083458, 0.45979956234129526, -0.6404294814654399, 2.582929825044755, 2.582929825044755, 2.582929825044755
rpg_box01, 11.170608318496445, -3.4007043072397236, 7.608988591496752, -0.21452169316352765, 0.3490004273171215, 0.6337288938719374, 0.6561759169358249, 0.35417170539029386, 0.35417170539029386, 0.35417170539029386
rpg_box01, 23.637367662334626, 2.113122421686718, 2.6799011247200166, 0.26089671180959084, 0.5365320973847435, -0.10427619089136048, 0.7957340574941228, 2.196827459815003, 2.196827459815003, 2.196827459815003
rpg_box01, 44.32029651861198, -7.273266529966471, 3.548390870532878, 0.5370722142718968, 0.03075456756101036, 0.7178703234294731, -0.44189341698024937, 2.573832549350189, 2.573832549350189, 2.573832549350189
rpg_box01, 47.79232338318348, -7.891294344115069, 6.662950119596197, 0.31858403303279836, -0.5771781727954753, 0.17468629462113666, -0.7313373156188399, 1.2327930690735092, 1.2327930690735092, 1.2327930690735092
rpg_box01, 0.18085371496046498, -6.29033421692511, 3.376955683459432, 0.605294996089108, -0.13575432289761316, 0.5140367146291498, 0.5924145402818599, 2.078732879211413, 2.078732879211413, 2.078732879211413
rpg_box01, 52.59831855335514, -1.2738382593730702, 5.100959519707741, -0.2620482150408696, 0.7109077820134568, -0.34683689588560346, -0.5528517216388501, 2.0847603271908755, 2.0847603271908755, 2.0847603271908755
rpg_box01, 51.35441096157041, 4.8370278063489085, 1.1607852234513283, 0.7911525585904909, -0.006382132391705306, 0.190475947329693, 0.5811676272046735, 2.932547401735224, 2.932547401735224, 2.932547401735224
rpg_box01, 12.726267974462264, -9.17332216765952, 6.523295271261361, 0.7983617962751905, -0.2506972242263511, 0.5469503515756807, -0.02479227550454191, 2.795745416115004, 2.795745416115004, 2.795745416115004
rpg_box01, 39.17301568279586, 7.784328298240574, 4.841426626126694, 0.2826095267788643, 0.7411609148595562, 0.5803043731196038, -0.18455131588974283, 0.2439286711614519, 0.2439286711614519, 0.2439286711614519
rpg_box01, 15.985241516112247, -8.714610057323721, 3.1421923316469327, 0.545356411325003, -0.5749185783164654, 0.45006360349840513, -0.4117010635635018, 2.1730373564060512, 2.1730373564060512, 2.1730373564060512
rpg_box01, 22.05231542281262, 8.347922379560313, 9.50750213489813, 0.5343643627099491, -0.1488179538402515, -0.29390490943202596, -0.7784136745279743, 0.5096334903515787, 0.5096334903515787, 0.5096334903515787
rpg_box01, 29.391657144408423, 1.0816780666254786, 0.5165080622624318, 0.26562337979487827, -0.30014959220036946, -0.29452235095284374, 0.8675315712972685, 1.833511771302829, 1.833511771302829, 1.833511771302829
rpg_box01, 23.320291420026585, 2.9011624255758264, 5.9104035512778275, 0.35613062020090347, -0.2606538973128913, -0.830609481105257, 0.33958565498114945, 1.7885599986780207, 1.7885599986780207, 1.7885599986780207
rpg_box01, 34.00950153078914, -4.4499321469961695, 8.483771004717461, -0.05455371984251334, 0.6575786062958594, -0.5127941470397032, -0.5492325836612055, 2.746234724488696, 2.746234724488696, 2.746234724488696
rpg_box01, 58.966364409326786, 7.0076498119237876, 1.1780517590938133, 0.029191110116918103, 0.1918079810430807, 0.9428471406896197, 0.27091852426832597, 1.7349938321824094, 1.7349938321824094, 1.7349938321824094
rpg_box01, 37.010353681936195, 5.168200077985908, 4.398557496387301, -0.06145489889387195, 0.9260817283295625, -0.32614352636701205, -0.17951692974470224, 2.355663448447386, 2.355663448447386, 2.355663448447386
rpg_box01, 12.868654983395869, 2.9489127507740065, 3.5714562458611585, 0.21496738718947103, 0.7202316813461064, 0.0853673960931528, -0.6540395670864014, 2.3419230537763926, 2.3419230537763926, 2.3419230537763926
rpg_box01, 27.01863679467526, -1.743151102656789, 0.2860328630328046, 0.7602081760457815, -0.21963147690571347, 0.5972593276500163, 0.13086954940096393, 2.148603772264169, 2.148603772264169, 2.148603772264169
rpg_box01, 17.78656741398517, -0.3923797049279987, 6.2135112990890375, -0.03690622154025802, 0.39842763073880094, 0.8151923846607386, 0.41875378191322105, 1.3391064943168975, 1.3391064943168975, 1.3391064943168975
rpg_box01, 50.003039070603236, 3.3154314904419007, 6.821197757697246, 0.08592000246452562, 0.3174244111485557, 0.3644933421865427, 0.8712084135757484, 2.002600434607116, 2.002600434607116, 2.002600434607116
rpg_box01, 51.36648230888963, 2.883783609772916, 5.291976353179199, 0.5170966037802084, 0.26114503521857435, -0.5104191706298353, 0.6355207653517032, 1.8895760007800313, 1.8895760007800313, 1.8895760007800313
rpg_box01, 6.532479349558626, 5.707034818550277, 9.035831444627403, 0.8270544435961531, -0.09130183271944754, -0.4181622090396998, -0.364397159156004, 2.0299650132743667, 2.0299650132743667, 2.0299650132743667
rpg_box01, 5.154723932585563, -7.4518496364530895, 2.969661683807744, 0.7021224076242925, 0.606614662216466, -0.3291535463634472, 0.17521620704785218, 2.0809029553234977, 2.0809029553234977, 2.0809029553234977
rpg_box01, 7.285464722864681, -5.707476031041374, 6.844244719822158, 0.4391753119019954, -0.744772674906597, 0.28029544555227437, 0.4169810203485397, 2.6897731276058763, 2.6897731276058763, 2.6897731276058763
rpg_box01, 40.78321987498216, 6.586955014794796, 7.8088944680322845, 0.5962615130761064, 0.015801777947844126, -0.7896168327965327, 0.1439714180045876, 1.4577948438038784, 1.4577948438038784, 1.4577948438038784
rpg_box01, 25.07280276578941, -3.642510618017094, 8.846247708479773, -0.21346273934608778, -0.5471952959785684, 0.6613755735320844, -0.466468989006662, 0.3967883856216473, 0.3967883856216473, 0.3967883856216473
rpg_box01, 36.681449442580636, -8.091970682884767, 1.2406670023522304, 0.21382526803483629, 0.5811300245580233, -0.2567453963454784, -0.7420569053397623, 0.2676477534900018, 0.2676477534900018, 0.2676477534900018
rpg_box01, 34.02811618228473, 9.033872769190559, 4.007364335084351, 0.4438390840743178, 0.7261832223419625, -0.4632371176346802, 0.24713592997099348, 0.5024156197915833, 0.5024156197915833, 0.5024156197915833
rpg_box01, 53.623950922907454, -1.3353920503000083, 1.7532922617846614, 0.579049699382663, 0.22539717719335356, 0.6862674332823968, 0.37806688320204185, 2.413932218403562, 2.413932218403562, 2.413932218403562
rpg_box01, 43.15372624370906, -1.210010942537103, 0.8898496799925348, 0.7090888577526837, 0.36174237239714546, -0.047069090875286906, 0.6034235233297199, 0.8890185634400929, 0.8890185634400929, 0.8890185634400929
rpg_box01, 20.8373714074648, -3.8297795151911203, 9.341882596145435, 0.028273105205227717, -0.4907320342104789, -0.6113708562710409, 0.6201680241870856, 0.39163247947089896, 0.39163247947089896, 0.39163247947089896
rpg_box01, 38.93944162990703, -7.734845402398891, 9.191250740356482, 0.33861638113915155, -0.7858832382486579, -0.2660991072451296, -0.4437541519663487, 0.481882221861491, 0.481882221861491, 0.481882221861491
rpg_box01, 29.59067440136495, -7.208051345107808, 9.436465284662113, 0.3554223462088189, 0.895963630087067, 0.26610739304347875, 0.01053492972103827, 0.5368928662760376, 0.5368928662760376, 0.5368928662760376
rpg_box01, 15.172600157569276, 3.018213237882197, 8.480838608073913, 0.14015991571494876, 0.7453715970585589, -0.21782349022470526, -0.6142713630240949, 0.45260788432229804, 0.45260788432229804, 0.45260788432229804
rpg_box01, 59.050496260210764, -5.0367107375678355, 5.428051001462412, 0.21817627392088468, 0.3596940863573973, -0.6509468196313967, -0.631892012727876, 2.7358655439751107, 2.7358655439751107, 2.7358655439751107
rpg_box01, 18.379969629061982, 3.031062676738067, 0.8258388982691589, 0.5057226767353447, -0.4336223681957999, 0.7366876976340783, -0.11622156508370168, 2.799609523883452, 2.799609523883452, 2.799609523883452
rpg_box01, 21.48316390412453, -5.188619564108996, 6.115793595864302, 0.29749253123227576, 0.4103319547187668, -0.5584696988015875, -0.6566867413905607, 1.4865576313640272, 1.4865576313640272, 1.4865576313640272
rpg_box01, 49.44088607403687, -5.423294679512496, 9.974367584757669, 0.3897636203031766, 0.6605318766462701, -0.33117501808300454, 0.5496408533033541, 2.363321349667505, 2.363321349667505, 2.363321349667505
rpg_box01, 58.595398753561035, 7.011543972976586, 0.872099402136921, 0.5247927197833846, 0.6895783918759542, -0.4439006489717648, 0.22809308749406929, 0.5278541374175945, 0.5278541374175945, 0.5278541374175945
rpg_box01, 40.14527338539473, 2.3768590574624255, 0.5570028823889472, 0.8349088861617775, -0.36940138805348194, 0.2860243768919561, 0.29096360964187457, 2.1822695450430154, 2.1822695450430154, 2.1822695450430154
rpg_box01, 48.790551295640256, -5.960107905496265, 4.721161379800522, 0.5108662835110418, -0.6113493534855116, 0.27621955893005457, -0.5375596372765995, 1.8852020549964286, 1.8852020549964286, 1.8852020549964286
rpg_box01, 18.075927598513047, -8.76608867959073, 3.8353975900199777, 0.21869550628409573, 0.7553554029882878, 0.17722452760694885, 0.5917786389538221, 2.0176110200445914, 2.0176110200445914, 2.0176110200445914
rpg_box01, 25.924219817815505, -2.0957362370487465, 5.665565696754747, -0.3173469114654927, -0.4624277118763422, 0.6214182745429115, -0.5470748368699058, 0.17619334650834556, 0.17619334650834556, 0.17619334650834556
rpg_box01, 15.382823836190704, -8.207305401503772, 1.3997846918408896, 0.37778514644764005, -0.18994050480093735, -0.8026189890587184, -0.42071813148693893, 2.293536461038213, 2.293536461038213, 2.293536461038213
rpg_box01, 42.72890499046564, -8.597495085361313, 9.61700591404077, -0.2520300818026241, -0.11825058964546181, 0.9069100303371769, -0.31624647474538625, 0.6955396441147426, 0.6955396441147426, 0.6955396441147426
rpg_box01, 53.04887353365337, 2.8988496225490206, 3.009395997033375, 0.43118922438465385, -0.34214314028616416, 0.8218988220594217, 0.1466159971729478, 1.232034372606115, 1.232034372606115, 1.232034372606115
rpg_box01, 57.363386936092, -7.072227447856214, 7.8625874423466025, 0.776217316064234, 0.09532165169200157, -0.5813854434693222, 0.22448034899011812, 2.3520893653366604, 2.3520893653366604, 2.3520893653366604
rpg_box01, 42.30454921001408, -5.090774978028589, 5.539635059485013, 0.02383683738164346, -0.1319509962021795, 0.8203300838519042, -0.555949002438552, 2.4822100187592153, 2.4822100187592153, 2.4822100187592153
rpg_box01, 50.3902268295502, -7.929618547755039, 9.21868438644115, 0.02725957526733777, -0.2108627864293503, 0.8171785630968494, -0.5357359394986143, 2.2491389562113127, 2.2491389562113127, 2.2491389562113127
rpg_box01, 48.72070702194904, 5.189149042191325, 9.040971182935234, -0.6788661226338671, -0.1619919065958513, 0.6972567547413211, -0.16350054343977405, 1.4644790221422794, 1.4644790221422794, 1.4644790221422794
rpg_box01, 52.78142284568973, -1.3504410472218495, 6.008465502245494, 0.7697740208071646, 0.2551571784510823, 0.5583299561759305, 0.17495836993935668, 1.5353453317921542, 1.5353453317921542, 1.5353453317921542
rpg_box01, 44.15266258805741, -1.8471581164809, 6.290653003200405, 0.19127812829270716, 0.5812857691149447, 0.6238804479614529, 0.4860994948698288, 1.5459567754166628, 1.5459567754166628, 1.5459567754166628
rpg_box01, 45.82516241349657, 6.476822260424054, 6.986714656898934, 0.24254274286915145, -0.24635129851212378, -0.5323300633497675, -0.7727281276470604, 0.4666593270754097, 0.4666593270754097, 0.4666593270754097
rpg_box01, 40.63490001050431, -2.1718739760015886, 0.5600355550290426, 0.6884805428218687, -0.3819167465668589, 0.5747486092639487, 0.22315505147015527, 0.301728079120731, 0.301728079120731, 0.301728079120731
rpg_box01, 52.10231702047332, -3.5282910770556324, 7.778603937488278, 0.6228118028446585, -0.1016420347831696, 0.5949643012889508, 0.49778693754886094, 2.8331724674008814, 2.8331724674008814, 2.8331724674008814
rpg_box01, 58.91136920798404, -8.93543860781107, 4.290671384350885, 0.7161708657236101, 0.6923098069124066, 0.08807413686959459, -0.007026290363844258, 2.938374192627173, 2.938374192627173, 2.938374192627173
rpg_box01, 47.760898290952724, -2.4052151615582122, 8.696826381276772, 0.31184893669716396, -0.13801207566511148, -0.007023350417453056, 0.9400284996745416, 0.5906415575187329, 0.5906415575187329, 0.5906415575187329
rpg_box01, 49.55440746921714, 2.8163121498901624, 9.855473607461342, -0.06429177584608292, -0.7911409070252781, -0.4835564596107834, 0.3689658292558569, 2.8023727373499323, 2.8023727373499323, 2.8023727373499323
rpg_box01, 57.18248556721955, 9.477360625440863, 7.807394641987199, 0.29862311188698487, -0.7666032807265506, 0.32262499197633965, 0.46803500037763174, 0.5931918153420214, 0.5931918153420214, 0.5931918153420214
rpg_box01, 48.54239452718289, 9.963728221947413, 9.969128435651054, 0.22238717949144193, 0.8118141542571637, -0.13812087508871612, -0.5219428562690501, 0.1533056179111943, 0.1533056179111943, 0.1533056179111943
rpg_box01, 41.84073261762257, -5.0980664779257445, 5.795639494698457, 0.39807392695359123, -0.09323970905852787, 0.19404988750856436, -0.8917332260784845, 1.7365866082927235, 1.7365866082927235, 1.7365866082927235
rpg_box01, 45.61230366711928, 2.1533033490112885, 0.6178666369869501, 0.41486553125124004, -0.23113027335434508, 0.7532271009452506, 0.4550981455910201, 0.841682399310868, 0.841682399310868, 0.841682399310868
rpg_box01, 42.17911919429835, -4.237117179172474, 0.7123127285598607, 0.8396246820607008, 0.38210509454933134, -0.05638005545493756, 0.3818996980108934, 0.5250482891532547, 0.5250482891532547, 0.5250482891532547
rpg_box01, 58.75301783288955, 9.906989836860962, 6.623104713871467, -0.11735708493420907, -0.7761756532501063, 0.22159101051305083, -0.578511965284488, 2.6420666728228492, 2.6420666728228492, 2.6420666728228492
rpg_box01, 51.98843210461361, 4.812831183356767, 5.329382873710172, 0.18440779374962527, -0.02990721899236678, -0.2952538460237645, 0.9369762485061792, 0.8466397716145495, 0.8466397716145495, 0.8466397716145495
rpg_box01, 40.92260355727496, -9.38184332151149, 9.425881791197229, 0.5928987278268677, 0.6087290510018886, 0.009668540508978862, 0.5270925538575251, 1.385828527431095, 1.385828527431095, 1.385828527431095
rpg_box01, 57.91405325028253, -4.23574422984241, 1.9869917611252208, 0.97227646995941, 0.04308014733705682, -0.03177869927884033, -0.22762399069700742, 1.7137354476013533, 1.7137354476013533, 1.7137354476013533
rpg_box01, 44.12919094384893, 2.4933347018556375, 9.520951664787638, -0.1569912920954301, 0.12510475829867682, -0.788475926106553, -0.5813847672648904, 1.8320428725316913, 1.8320428725316913, 1.8320428725316913
rpg_box01, 47.43308435822665, -2.2908293260698027, 0.39726286800410016, 0.5483657310136086, 0.4717227802477589, -0.5161605806214186, 0.4586402715176627, 2.3010083968481103, 2.3010083968481103, 2.3010083968481103
rpg_box01, 1000.0, 1000.0, 1000.0, 0.47059641298196586, 0.6065210205144497, 0.02366542448483505, 0.640399262528128, 2.854059742477377, 2.854059742477377, 2.854059742477377
rpg_box01, 56.34399119059584, 2.3319459880526487, 7.616414390547281, 0.3360868240741519, 0.5504829078296822, -0.5428534898756511, -0.5378887463044323, 2.511322653607232, 2.511322653607232, 2.511322653607232
rpg_box01, 48.32824963606653, 9.424736313415622, 5.7644978704945435, 0.873801161451256, 0.40202757490641766, 0.26966572601626154, -0.04610591581807637, 1.5354468256551828, 1.5354468256551828, 1.5354468256551828
rpg_box01, 52.12344825155685, -9.862164123338337, 1.1950434322261516, 0.5561685997427416, 0.3159956767537509, 0.5363414990640252, -0.5506005969074963, 2.910468251805323, 2.910468251805323, 2.910468251805323
rpg_box01, 55.87603890139037, -3.453981401234543, 2.6758347520528147, 0.44787093542460293, 0.431169535865369, -0.3785513185709911, 0.6857137564258847, 2.702042698868287, 2.702042698868287, 2.702042698868287
rpg_box01, 40.44089579420002, -8.262055709437618, 7.573677196907584, 0.8062137742160096, 0.2845072494590745, 0.39524869925891964, 0.3359366621905704, 0.36728217283125886, 0.36728217283125886, 0.36728217283125886
rpg_box01, 50.99822957128167, -6.20580104083597, 7.615780926461703, 0.6870829414899092, 0.3354767664501947, -0.5607898690461616, 0.3176272870218873, 0.20129838390120258, 0.20129838390120258, 0.20129838390120258
rpg_box01, 54.39589994177583, 2.8064863679300522, 0.5083294519563897, 0.3434958398535168, -0.9378208722368055, 0.043012643416956785, 0.0255447079961811, 2.1982847922883755, 2.1982847922883755, 2.1982847922883755
rpg_box01, 41.60996597866544, 0.7555706499464936, 3.096553060498275, 0.7065244353920088, 0.012146565455657843, 0.7074605920655346, -0.013236080081269752, 1.8868211269253898, 1.8868211269253898, 1.8868211269253898
rpg_box01, 46.89491163758034, -1.2683553864635737, 9.842054367070848, 0.016123461129060906, -0.4099783959662508, 0.833661536402661, -0.3696839076358533, 0.6240198537870864, 0.6240198537870864, 0.6240198537870864
rpg_box01, 59.94621295794296, -2.0396541575924187, 7.365965551710739, 0.0055040944593221924, -0.17974484773598343, 0.7860273417565701, -0.5914579551140141, 0.6904419154276988, 0.6904419154276988, 0.6904419154276988
rpg_box01, 48.16317481482369, 5.82355180066941, 6.022848538936497, 0.22691436331156561, 0.6585325071040582, 0.21680564728986323, -0.6839883917972394, 1.3227083550908398, 1.3227083550908398, 1.3227083550908398
rpg_box01, 44.44688507642854, -5.991951898961019, 3.516156392479136, 0.19958621394998868, 0.2888414815430011, -0.09304430992984145, 0.9317074101512949, 0.9662576014612658, 0.9662576014612658, 0.9662576014612658
rpg_box01, 40.84867457407027, 7.043422414378661, 1.0449950317923284, 0.6105661158411716, -0.42920197469791077, 0.6651510641526741, -0.023848374338818368, 2.939057746665927, 2.939057746665927, 2.939057746665927
rpg_box01, 58.1919459955181, 6.770098981211021, 4.516795657994448, 0.2069119160524807, 0.820286169949845, -0.11784385645978146, -0.5200296951897954, 2.0706584792563407, 2.0706584792563407, 2.0706584792563407
rpg_box01, 46.682380504702834, 0.8177115438137346, 6.276020612276306, 0.20840689296046777, 0.15475746665285728, 0.5431070576133511, 0.7985307867905419, 1.1153097859547532, 1.1153097859547532, 1.1153097859547532
rpg_box01, 42.59619118217381, -9.561548465797973, 9.528657233557551, 0.4958223806155711, -0.26780427234159077, 0.6024582782390497, 0.5652300961356699, 0.5152048029077029, 0.5152048029077029, 0.5152048029077029
rpg_box01, 40.448580700551176, 4.483955231682655, 2.660155998133301, 0.36321105092755296, -0.5495126645080185, -0.7330313179254551, 0.16964271564046318, 2.4167143024907447, 2.4167143024907447, 2.4167143024907447
rpg_box01, 40.980654671070724, -7.090392845153797, 7.405821356509978, 0.9035682891142824, 0.08147949155926883, -0.3454774063923111, -0.2399391611112565, 1.5284290612187468, 1.5284290612187468, 1.5284290612187468
rpg_box01, 49.78825141078572, -7.90480194813961, 7.202197663965684, 0.41160482275843235, -0.023968737071435042, -0.7772355816034368, 0.47530182012566224, 0.6116564321380485, 0.6116564321380485, 0.6116564321380485
rpg_box01, 50.06092487442581, -1.7241703818234626, 5.005540411109946, 0.4021227428129187, 0.09310037917674172, 0.7481904743625619, -0.519461868843986, 2.625175285239374, 2.625175285239374, 2.625175285239374
rpg_box01, 52.39119310177573, -5.151714955770315, 4.5469787303591875, 0.07231534258246594, -0.15006193619377087, 0.7674549272371552, -0.6190838725022402, 2.969384137508067, 2.969384137508067, 2.969384137508067
rpg_box01, 45.17097334540631, -7.263359721616922, 2.05011037535575, 0.0627226220349635, -0.7305566238608325, -0.041590756740282925, -0.6786921989914808, 1.4924699245833064, 1.4924699245833064, 1.4924699245833064
rpg_box01, 56.38229268397934, 2.665051887522962, 4.96549051685149, 0.42462169021816976, -0.5793414309694279, -0.4345781581797081, -0.5433247196582288, 2.0827184961161422, 2.0827184961161422, 2.0827184961161422
rpg_box01, 48.81020288139396, -5.324457457561154, 0.3168326636798091, 0.017112349977713964, -0.10290218481687077, 0.9680575662004609, -0.22799749200417746, 2.312931932375489, 2.312931932375489, 2.312931932375489
rpg_box01, 50.37211012738572, 9.566846199190131, 6.608153309829917, 0.003982314872749332, 0.5614383517923616, 0.8070444191551153, 0.18289457021878364, 0.49850812003915335, 0.49850812003915335, 0.49850812003915335
rpg_box01, 49.627905132193, -1.8150546102050988, 9.309144586157725, 0.37409856224956484, -0.3202553253475695, 0.5326377968290295, 0.6883195258733027, 1.3273755752570844, 1.3273755752570844, 1.3273755752570844
rpg_box01, 48.49691168030671, -5.206254312820057, 5.178349682441001, 0.476684349362693, -0.7542007102421032, -0.36871084134169013, -0.26077890102551615, 1.1111573730999158, 1.1111573730999158, 1.1111573730999158
rpg_box01, 42.113844621661315, 5.524259308292338, 5.3227279992663155, -0.09142535292125255, 0.33668623140173326, 0.45951848306234977, 0.8167781523472575, 1.961631913668567, 1.961631913668567, 1.961631913668567
rpg_box01, 48.00969483658122, -6.008982053533998, 8.758720235414627, 0.6321980744150562, -0.3017973044338068, -0.5801310466031866, -0.41556221015568134, 2.0106373269567914, 2.0106373269567914, 2.0106373269567914
rpg_box01, 47.3363381738585, 6.807319546150609, 8.182881776617583, 0.5367564042353743, 0.5055915914551796, -0.43749697766808615, 0.5146514351417084, 2.832013114212809, 2.832013114212809, 2.832013114212809
rpg_box01, 42.39038650004587, 2.897454634988744, 6.325635995658601, 0.002531437798463966, 0.9850341378018191, 0.164046154471723, 0.052822328524391955, 2.838216964361628, 2.838216964361628, 2.838216964361628
rpg_box01, 57.91266240398717, 9.575150150189444, 2.7956258926289648, 0.8114423247477673, -0.2926639030470987, 0.4707695010449966, 0.1851628211791508, 0.3922185338549802, 0.3922185338549802, 0.3922185338549802
rpg_box01, 46.530442521691164, 7.74801133858027, 8.687152362352727, 0.7916495913350368, -0.1883603577474057, -0.5793415629909681, -0.04663318088572682, 1.854266099553552, 1.854266099553552, 1.854266099553552
rpg_box01, 55.51372531851176, -1.8279009396211183, 3.474331316882356, -0.11220169843625016, 0.3266643978326035, 0.8767916627142467, 0.3345706655573231, 2.8390454735496196, 2.8390454735496196, 2.8390454735496196
rpg_box01, 59.61676511949523, 0.599417744192694, 8.437299280956518, 0.924535897431038, -0.14829175635819736, 0.2153431317552839, 0.27725487365132556, 2.1006125420959116, 2.1006125420959116, 2.1006125420959116
rpg_box01, 43.70070975694551, -0.6079054693781814, 7.126383566141746, 0.36365701241402293, -0.7032529206985537, 0.598568271613611, 0.12208575293028762, 0.3828193320730183, 0.3828193320730183, 0.3828193320730183
rpg_box01, 46.70761842205833, -3.117598977634488, 7.253011429255402, 0.8339158619061189, -0.035076267509041775, -0.4304648541341353, 0.34358987190295154, 2.53307701821348, 2.53307701821348, 2.53307701821348
rpg_box01, 55.49139045255037, -1.5935492165731127, 9.186911677938786, 0.725507539360885, 0.116476940866059, 0.5975992922915832, -0.32085357786628677, 0.6565344211973767, 0.6565344211973767, 0.6565344211973767
rpg_box01, 52.78377245440581, 1.3127445954151398, 8.791790450583678, 0.42266896513498076, 0.7320119837031172, 0.5000694595943979, 0.1882549792375184, 0.8098193748664393, 0.8098193748664393, 0.8098193748664393
rpg_box01, 58.48297430232832, 9.166354763263119, 2.1588960493582086, 0.657830737803484, 0.059169400505197034, 0.7504803032431754, -0.023173624852641656, 0.15800705649127533, 0.15800705649127533, 0.15800705649127533
rpg_box01, 46.02227543960511, 3.8807857688874385, 0.4536307471539347, 0.3903145454151913, 0.45543590613129803, -0.562207483707229, -0.5693464993369872, 2.6480704749205777, 2.6480704749205777, 2.6480704749205777
rpg_box01, 54.273469006979994, -9.784959709703498, 5.545143277809368, 0.8320247703460997, 0.18179699813069589, -0.5192741577852679, 0.07098578771548883, 2.3267310112817357, 2.3267310112817357, 2.3267310112817357
rpg_box01, 49.16275552448168, 9.39989467573178, 2.604113794014278, 0.9147096679614796, 0.03581542863964128, -0.2254116713252951, 0.33348621686584806, 1.518715100217368, 1.518715100217368, 1.518715100217368
rpg_box01, 1000.0, 1000.0, 1000.0, 0.8438512399632667, -0.3328580275816443, 0.19435052645606754, 0.3732941081147193, 1.7469644602079886, 1.7469644602079886, 1.7469644602079886
rpg_box01, 44.28516834489942, -4.34762796081994, 2.791067890086177, 0.4560844009029441, 0.4276032980718398, -0.7802952462007479, 0.016785931240248214, 2.6784841714077583, 2.6784841714077583, 2.6784841714077583
rpg_box01, 51.604171528321444, 5.718824883698172, 8.652739413106062, 0.5008747410678167, -0.4818587682281684, 0.6386460140391985, 0.33025428081059605, 2.1082236718171967, 2.1082236718171967, 2.1082236718171967
rpg_box01, 50.85430892289599, -0.9855204234665962, 5.788780553000682, 0.13481241425764606, -0.3612524276973826, -0.4095924436255045, 0.8267746528345314, 1.4690051953887484, 1.4690051953887484, 1.4690051953887484
rpg_box01, 51.91488318773698, -4.471581355079843, 2.14968800252177, 0.8618607115678407, 0.15338422256080447, 0.38546498025566256, 0.2916952915658642, 0.7512894014380438, 0.7512894014380438, 0.7512894014380438
rpg_box01, 54.384102851249196, 6.572650522528956, 5.06891551520088, 0.1600341662436501, 0.8950592579868419, 0.1692964226446874, -0.3802587429717495, 1.0936143321693117, 1.0936143321693117, 1.0936143321693117
rpg_box01, 44.60118431668203, 4.122326869479686, 5.8381499014328195, 0.6400771443034813, -0.11222581256850675, 0.7557511271177324, -0.08091260837419517, 1.8396483070376226, 1.8396483070376226, 1.8396483070376226
rpg_box01, 58.41019780718753, 3.9347966609574314, 8.180595225051755, 0.18617508872487606, -0.020822635205070092, -0.7989404631409582, -0.5714887492834065, 0.545037125760382, 0.545037125760382, 0.545037125760382
rpg_box01, 48.82255050524763, -4.028853649568571, 5.427459651637135, 0.44695457156357077, -0.2685206683808381, -0.6093245054939861, -0.597370830067256, 2.314144333216545, 2.314144333216545, 2.314144333216545
rpg_box01, 42.36463750368736, 7.987490666507135, 3.6677969110332596, 0.6565386424988953, 0.023477651551283632, 0.753706570918635, -0.01822678626134609, 0.39020778046918414, 0.39020778046918414, 0.39020778046918414
rpg_box01, 57.939083507382215, -8.50614879877207, 3.4214729833687443, 0.9422236569755523, 0.20938830810319806, -0.23624524762780083, 0.11206828114402416, 2.673574382577795, 2.673574382577795, 2.673574382577795
rpg_box01, 50.16387250309002, 4.055286161966967, 8.922151697040402, 0.7179056568806361, 0.002347729958730116, -0.6751730024455678, -0.16955050206785105, 1.2494075698687497, 1.2494075698687497, 1.2494075698687497
rpg_box01, 50.23899648499945, -6.969330778138905, 9.478061136328273, 0.3650588476461746, 0.03942601189197601, -0.924737675094371, 0.10018911918266525, 1.1571459437660179, 1.1571459437660179, 1.1571459437660179
rpg_box01, 52.67219770763258, -9.227687425234716, 0.6910811038457454, 0.6153123267119238, 0.49651512409905385, -0.6027018377870649, 0.10776811618170967, 2.900779370915266, 2.900779370915266, 2.900779370915266
rpg_box01, 44.855074856831706, 9.645589876812789, 0.44172473578663496, 0.6534615556994241, -0.034678940258716345, 0.03718110925091419, -0.7552502442504022, 1.7252823327248876, 1.7252823327248876, 1.7252823327248876